BHK,Size,Bathroom,City,Furnishing_Status,Tenant_Preferred,Area_Type,Actual_Rent,Predicted_Rent,Difference
2,1100,2,Bangalore,Unfurnished,Bachelors/Family,Super Area,16000,8617.14,7382.86
2,800,2,Chennai,Furnished,Bachelors/Family,Super Area,12000,20807.43,-8807.43
2,518,2,Mumbai,Semi-Furnished,Bachelors/Family,Carpet Area,28000,51804.56,-23804.56
3,1500,3,Delhi,Unfurnished,Bachelors/Family,Carpet Area,8000,70049.74,-62049.74
3,2235,5,Hyderabad,Unfurnished,Family,Carpet Area,46000,135223.45,-89223.45
2,1050,2,Hyderabad,Semi-Furnished,Bachelors/Family,Carpet Area,17000,51985.9,-34985.9
2,625,2,Mumbai,Furnished,Bachelors,Carpet Area,57000,64644.74,-7644.74
2,700,2,Bangalore,Semi-Furnished,Bachelors/Family,Super Area,9500,4009.19,5490.81
4,2500,4,Mumbai,Furnished,Bachelors/Family,Carpet Area,400000,152898.51,247101.49
2,650,2,Chennai,Semi-Furnished,Bachelors/Family,Super Area,15000,9980.3,5019.7
2,650,1,Chennai,Semi-Furnished,Bachelors/Family,Super Area,10000,-10215.87,20215.87
2,500,2,Hyderabad,Furnished,Bachelors/Family,Super Area,12000,27136.88,-15136.88
2,1000,2,Bangalore,Semi-Furnished,Bachelors,Carpet Area,27000,31679.63,-4679.63
1,550,1,Bangalore,Semi-Furnished,Bachelors/Family,Carpet Area,16000,-3595.85,19595.85
3,1100,2,Kolkata,Unfurnished,Bachelors/Family,Carpet Area,15000,53376.65,-38376.65
1,550,1,Mumbai,Semi-Furnished,Bachelors/Family,Super Area,8500,17244.1,-8744.1
4,2600,4,Chennai,Semi-Furnished,Bachelors/Family,Carpet Area,140000,119590.15,20409.85
2,800,1,Hyderabad,Unfurnished,Bachelors/Family,Super Area,12000,2124.72,9875.28
2,1250,2,Hyderabad,Unfurnished,Family,Super Area,6000,31729.79,-25729.79
3,1850,3,Bangalore,Furnished,Bachelors/Family,Carpet Area,60000,78358.6,-18358.6
2,1274,2,Bangalore,Semi-Furnished,Bachelors/Family,Carpet Area,38000,36149.31,1850.69
1,400,1,Hyderabad,Unfurnished,Bachelors/Family,Carpet Area,7500,7699.9,-199.9
1,450,1,Mumbai,Furnished,Bachelors/Family,Carpet Area,23000,37086.79,-14086.79
2,1200,2,Chennai,Semi-Furnished,Bachelors,Carpet Area,14000,44666.67,-30666.67
4,3000,5,Delhi,Semi-Furnished,Bachelors/Family,Super Area,260000,142354.61,117645.39
2,550,1,Kolkata,Unfurnished,Bachelors,Carpet Area,5000,21734.37,-16734.37
1,500,1,Bangalore,Semi-Furnished,Bachelors/Family,Super Area,6000,-21030.55,27030.55
3,1850,3,Chennai,Unfurnished,Bachelors,Super Area,16500,59686.05,-43186.05
1,450,1,Bangalore,Unfurnished,Bachelors,Super Area,6500,-25831.52,32331.52
1,600,1,Bangalore,Semi-Furnished,Bachelors,Super Area,15000,-15004.39,30004.39
1,400,1,Bangalore,Unfurnished,Bachelors/Family,Super Area,5000,-30454.49,35454.49
1,446,1,Delhi,Unfurnished,Bachelors/Family,Super Area,14000,-14414.97,28414.97
2,500,2,Kolkata,Unfurnished,Bachelors/Family,Carpet Area,5000,37307.56,-32307.56
2,850,2,Chennai,Semi-Furnished,Bachelors/Family,Carpet Area,12000,31624.56,-19624.56
4,1000,3,Hyderabad,Semi-Furnished,Bachelors/Family,Super Area,25000,53209.02,-28209.02
3,1260,3,Bangalore,Furnished,Bachelors/Family,Super Area,25000,45769.46,-20769.46
2,650,1,Kolkata,Unfurnished,Bachelors/Family,Carpet Area,7500,21320.96,-13820.96
1,500,1,Hyderabad,Unfurnished,Bachelors/Family,Super Area,6000,-5525.24,11525.24
2,1000,2,Bangalore,Semi-Furnished,Bachelors/Family,Super Area,17000,12428.33,4571.67
2,800,1,Kolkata,Unfurnished,Bachelors/Family,Super Area,7000,9499.01,-2499.01
2,1000,2,Chennai,Semi-Furnished,Bachelors/Family,Super Area,13000,19802.62,-6802.62
4,2700,5,Mumbai,Semi-Furnished,Bachelors/Family,Carpet Area,320000,172089.87,147910.13
2,850,2,Chennai,Furnished,Bachelors/Family,Super Area,14000,22210.61,-8210.61
1,500,1,Bangalore,Unfurnished,Bachelors/Family,Super Area,6000,-27648.12,33648.12
2,750,2,Mumbai,Unfurnished,Bachelors/Family,Carpet Area,60000,51697.79,8302.21
2,800,2,Hyderabad,Semi-Furnished,Bachelors/Family,Super Area,14000,28938.45,-14938.45
2,550,2,Mumbai,Semi-Furnished,Bachelors/Family,Carpet Area,32000,52702.6,-20702.6
2,925,3,Mumbai,Furnished,Bachelors/Family,Carpet Area,65000,90040.24,-25040.24
4,3000,5,Mumbai,Semi-Furnished,Bachelors/Family,Carpet Area,350000,180509.0,169491.0
2,1200,2,Bangalore,Furnished,Bachelors/Family,Super Area,15000,24658.64,-9658.64
2,700,2,Chennai,Unfurnished,Bachelors/Family,Carpet Area,11000,20797.44,-9797.44
3,1565,3,Hyderabad,Furnished,Bachelors/Family,Carpet Area,35000,92483.3,-57483.3
2,970,2,Chennai,Furnished,Bachelors/Family,Super Area,18000,25578.27,-7578.27
3,1000,2,Kolkata,Semi-Furnished,Bachelors/Family,Super Area,12000,41156.32,-29156.32
2,550,2,Mumbai,Semi-Furnished,Bachelors/Family,Super Area,65000,36671.09,28328.91
4,1650,4,Mumbai,Semi-Furnished,Bachelors/Family,Carpet Area,130000,122426.74,7573.26
3,1330,2,Kolkata,Unfurnished,Bachelors,Carpet Area,35000,63051.11,-28051.11
2,845,2,Mumbai,Furnished,Bachelors/Family,Super Area,40000,51567.46,-11567.46
1,700,1,Chennai,Semi-Furnished,Bachelors/Family,Super Area,9000,-8043.51,17043.51
2,1000,1,Bangalore,Semi-Furnished,Bachelors/Family,Carpet Area,9000,8263.67,736.33
2,600,2,Bangalore,Unfurnished,Bachelors/Family,Super Area,18000,-5414.74,23414.74
1,500,1,Bangalore,Semi-Furnished,Bachelors/Family,Super Area,5000,-21030.55,26030.55
2,890,2,Mumbai,Semi-Furnished,Family,Carpet Area,130000,59024.5,70975.5
2,100,2,Hyderabad,Semi-Furnished,Bachelors/Family,Super Area,12000,9293.81,2706.19
3,1250,3,Delhi,Semi-Furnished,Bachelors/Family,Carpet Area,50000,69651.36,-19651.36
2,850,2,Chennai,Semi-Furnished,Bachelors/Family,Super Area,20000,15593.05,4406.95
1,375,1,Mumbai,Unfurnished,Bachelors/Family,Carpet Area,18000,21746.89,-3746.89
3,1430,2,Hyderabad,Furnished,Bachelors/Family,Carpet Area,15500,68498.53,-52998.53
1,450,2,Mumbai,Furnished,Bachelors/Family,Carpet Area,34999,57282.96,-22283.96
2,900,2,Delhi,Unfurnished,Bachelors/Family,Super Area,30000,17752.97,12247.03
1,550,1,Delhi,Semi-Furnished,Bachelors,Carpet Area,13000,14372.52,-1372.52
1,424,2,Mumbai,Unfurnished,Bachelors/Family,Carpet Area,24000,43318.18,-19318.18
2,750,2,Mumbai,Furnished,Bachelors/Family,Super Area,100000,48901.41,51098.59
2,700,1,Kolkata,Unfurnished,Bachelors/Family,Super Area,7000,6692.64,307.36
2,1150,2,Hyderabad,Unfurnished,Bachelors/Family,Super Area,25000,32143.21,-7143.21
3,1700,3,Bangalore,Semi-Furnished,Bachelors/Family,Carpet Area,35000,67531.47,-32531.47
2,1020,2,Bangalore,Unfurnished,Bachelors/Family,Carpet Area,12000,22403.55,-10403.55
4,2608,3,Bangalore,Semi-Furnished,Bachelors,Carpet Area,61500,95464.0,-33964.0
3,1200,3,Kolkata,Semi-Furnished,Bachelors/Family,Super Area,35000,66965.24,-31965.24
2,1500,2,Bangalore,Semi-Furnished,Bachelors/Family,Super Area,28000,26460.21,1539.79
2,1200,2,Bangalore,Semi-Furnished,Bachelors/Family,Super Area,14000,18041.08,-4041.08
2,850,1,Bangalore,Semi-Furnished,Bachelors/Family,Super Area,10000,-11977.41,21977.41
3,150,2,Delhi,Semi-Furnished,Bachelors,Carpet Area,33500,21804.83,11695.17
2,500,1,Delhi,Semi-Furnished,Bachelors/Family,Super Area,10000,-7051.14,17051.14
2,900,2,Kolkata,Unfurnished,Bachelors/Family,Carpet Area,12000,48533.07,-36533.07
3,1645,3,Hyderabad,Semi-Furnished,Bachelors/Family,Carpet Area,45000,88110.84,-43110.84
3,1500,3,Delhi,Semi-Furnished,Bachelors/Family,Carpet Area,36000,76667.3,-40667.3
3,1150,3,Hyderabad,Semi-Furnished,Bachelors/Family,Super Area,18000,58187.76,-40187.76
1,330,1,Mumbai,Semi-Furnished,Family,Super Area,25000,7850.28,17149.72
1,270,1,Mumbai,Unfurnished,Bachelors/Family,Carpet Area,27000,18800.19,8199.81
3,1800,4,Mumbai,Furnished,Family,Carpet Area,260000,130803.25,129196.75
3,1800,3,Delhi,Semi-Furnished,Bachelors,Carpet Area,35000,88306.22,-53306.22
1,650,1,Mumbai,Semi-Furnished,Bachelors/Family,Super Area,24000,20050.47,3949.53
4,4105,4,Bangalore,Semi-Furnished,Bachelors/Family,Carpet Area,120000,154451.84,-34451.84
2,1210,2,Hyderabad,Unfurnished,Bachelors/Family,Super Area,13000,33827.03,-20827.03
1,1300,2,Hyderabad,Furnished,Bachelors/Family,Super Area,12000,50357.07,-38357.07
2,830,2,Chennai,Semi-Furnished,Family,Super Area,11000,11811.99,-811.99
2,700,1,Kolkata,Unfurnished,Bachelors/Family,Super Area,7000,6692.64,307.36
3,1400,3,Hyderabad,Semi-Furnished,Bachelors/Family,Super Area,20000,65203.71,-45203.71
3,1200,3,Chennai,Unfurnished,Bachelors/Family,Carpet Area,24000,54256.32,-30256.32
3,1600,1,Kolkata,Unfurnished,Bachelors/Family,Super Area,6500,31180.86,-24680.86
2,700,2,Chennai,Unfurnished,Bachelors/Family,Super Area,11200,4765.92,6434.08
2,685,2,Mumbai,Semi-Furnished,Bachelors,Carpet Area,37000,59711.0,-22711.0
1,600,1,Kolkata,Furnished,Bachelors/Family,Carpet Area,7500,33922.07,-26422.07
1,540,1,Hyderabad,Unfurnished,Bachelors,Carpet Area,14000,14848.61,-848.61
1,580,1,Bangalore,Semi-Furnished,Bachelors/Family,Super Area,4800,-18785.45,23585.45
1,600,1,Hyderabad,Unfurnished,Bachelors/Family,Super Area,8000,-2718.86,10718.86
1,435,1,Bangalore,Semi-Furnished,Bachelors/Family,Carpet Area,14000,-6823.19,20823.19
1,400,1,Delhi,Furnished,Bachelors/Family,Super Area,9500,-2470.78,11970.78
1,500,1,Bangalore,Semi-Furnished,Bachelors/Family,Super Area,6500,-21030.55,27530.55
1,450,1,Bangalore,Semi-Furnished,Bachelors/Family,Carpet Area,11000,-6402.23,17402.23
4,1454,4,Mumbai,Unfurnished,Bachelors/Family,Carpet Area,100000,110308.68,-10308.68
4,2000,5,Mumbai,Unfurnished,Bachelors,Carpet Area,210000,149047.45,60952.55
3,900,3,Bangalore,Semi-Furnished,Bachelors/Family,Super Area,25000,29048.94,-4048.94
4,2400,4,Hyderabad,Semi-Furnished,Bachelors/Family,Super Area,31000,112694.47,-81694.47
4,1358,4,Mumbai,Semi-Furnished,Family,Carpet Area,270000,111012.33,158987.67
3,1450,2,Hyderabad,Unfurnished,Bachelors/Family,Super Area,13000,39793.17,-26793.17
2,650,2,Chennai,Unfurnished,Bachelors/Family,Carpet Area,9500,19394.25,-9894.25
1,570,1,Chennai,Semi-Furnished,Bachelors/Family,Super Area,6166,-11691.8,17857.8
2,650,2,Delhi,Unfurnished,Bachelors/Family,Carpet Area,13000,26768.54,-13768.54
2,500,1,Chennai,Semi-Furnished,Bachelors/Family,Super Area,10000,-14425.43,24425.43
2,700,2,Bangalore,Semi-Furnished,Bachelors/Family,Super Area,17000,4009.19,12990.81
3,3000,4,Chennai,Furnished,Family,Super Area,200000,118951.09,81048.91
2,900,2,Hyderabad,Unfurnished,Bachelors/Family,Super Area,9500,25127.26,-15627.26
2,690,1,Chennai,Unfurnished,Bachelors/Family,Super Area,14000,-15710.88,29710.88
2,850,2,Chennai,Semi-Furnished,Bachelors,Super Area,7500,18812.84,-11312.84
2,1260,3,Chennai,Semi-Furnished,Bachelors/Family,Super Area,13000,47295.36,-34295.36
3,1300,4,Mumbai,Semi-Furnished,Bachelors,Carpet Area,95000,116593.38,-21593.38
2,600,1,Chennai,Semi-Furnished,Bachelors/Family,Super Area,12000,-11619.06,23619.06
2,1000,2,Mumbai,Furnished,Bachelors,Carpet Area,130000,75168.65,54831.35
2,1000,2,Chennai,Semi-Furnished,Bachelors/Family,Super Area,28000,19802.62,8197.38
4,1400,3,Mumbai,Semi-Furnished,Bachelors/Family,Carpet Area,140000,95214.63,44785.37
3,1450,2,Hyderabad,Semi-Furnished,Family,Super Area,26000,43190.94,-17190.94
2,670,2,Mumbai,Semi-Furnished,Family,Carpet Area,48000,52850.47,-4850.47
1,710,1,Kolkata,Furnished,Bachelors,Super Area,24000,24197.36,-197.36
2,1150,2,Chennai,Semi-Furnished,Bachelors/Family,Carpet Area,22000,40043.7,-18043.7
2,1315,2,Hyderabad,Semi-Furnished,Bachelors/Family,Super Area,12500,43391.29,-30891.29
1,270,2,Mumbai,Unfurnished,Bachelors,Carpet Area,15000,42216.14,-27216.14
1,415,2,Mumbai,Unfurnished,Bachelors,Carpet Area,30000,46285.39,-16285.39
1,500,1,Chennai,Unfurnished,Bachelors/Family,Super Area,7500,-20273.82,27773.82
2,800,1,Bangalore,Semi-Furnished,Bachelors/Family,Super Area,8000,-13380.59,21380.59
1,600,1,Hyderabad,Unfurnished,Bachelors/Family,Super Area,10000,-2718.86,12718.86
2,800,2,Delhi,Semi-Furnished,Bachelors/Family,Super Area,10000,21564.16,-11564.16
3,1350,2,Chennai,Semi-Furnished,Bachelors,Carpet Area,35000,48107.07,-13107.07
1,600,1,Chennai,Unfurnished,Family,Carpet Area,6000,-4655.72,10655.72
1,355,1,Kolkata,Semi-Furnished,Bachelors/Family,Carpet Area,5300,20428.88,-15128.88
2,300,1,Bangalore,Semi-Furnished,Bachelors/Family,Super Area,20000,-27412.48,47412.48
2,55,2,Delhi,Unfurnished,Bachelors/Family,Super Area,10000,-5960.92,15960.92
1,150,1,Chennai,Unfurnished,Bachelors,Carpet Area,7500,-10844.84,18344.84
3,1650,3,Chennai,Semi-Furnished,Bachelors,Carpet Area,20000,76722.37,-56722.37
1,385,1,Mumbai,Unfurnished,Bachelors/Family,Carpet Area,18000,22027.52,-4027.52
2,750,2,Mumbai,Furnished,Bachelors,Carpet Area,80000,68152.71,11847.29
2,650,2,Mumbai,Unfurnished,Family,Carpet Area,58000,45671.63,12328.37
2,600,2,Bangalore,Semi-Furnished,Bachelors/Family,Super Area,23000,1202.82,21797.18
2,84,2,Delhi,Semi-Furnished,Bachelors/Family,Super Area,23000,1470.49,21529.51
2,1000,2,Hyderabad,Unfurnished,Bachelors,Carpet Area,12000,47184.94,-35184.94
2,850,2,Mumbai,Semi-Furnished,Bachelors/Family,Carpet Area,50000,61121.73,-11121.73
3,1246,2,Chennai,Semi-Furnished,Bachelors/Family,Super Area,15723,25937.13,-10214.13
3,100,2,Delhi,Semi-Furnished,Bachelors/Family,Super Area,13000,1150.34,11849.66
2,1300,2,Hyderabad,Semi-Furnished,Bachelors/Family,Super Area,22000,42970.33,-20970.33
1,650,2,Mumbai,Furnished,Bachelors/Family,Super Area,11000,46864.2,-35864.2
3,1350,3,Mumbai,Furnished,Family,Carpet Area,85000,97978.39,-12978.39
1,350,1,Bangalore,Unfurnished,Bachelors/Family,Super Area,8000,-31857.68,39857.68
3,904,2,Bangalore,Furnished,Bachelors/Family,Super Area,20000,15582.59,4417.41
3,1650,2,Hyderabad,Semi-Furnished,Bachelors,Carpet Area,25000,71274.78,-46274.78
2,450,1,Kolkata,Unfurnished,Bachelors/Family,Carpet Area,5500,15708.21,-10208.21
2,1500,2,Chennai,Unfurnished,Bachelors,Carpet Area,15000,46468.24,-31468.24
2,700,2,Kolkata,Unfurnished,Bachelors,Carpet Area,14000,46140.1,-32140.1
1,100,1,Hyderabad,Unfurnished,Bachelors/Family,Super Area,11000,-16750.75,27750.75
3,1375,3,Mumbai,Semi-Furnished,Family,Carpet Area,200000,92062.42,107937.58
2,600,2,Bangalore,Semi-Furnished,Bachelors/Family,Super Area,10000,1202.82,8797.18
1,480,1,Mumbai,Unfurnished,Bachelors/Family,Carpet Area,7000,24693.58,-17693.58
1,480,2,Mumbai,Semi-Furnished,Bachelors,Carpet Area,33000,54727.1,-21727.1
2,926,2,Chennai,Semi-Furnished,Bachelors/Family,Super Area,12000,17725.9,-5725.9
3,1300,3,Kolkata,Unfurnished,Bachelors/Family,Carpet Area,22000,79185.57,-57185.57
2,80,2,Delhi,Semi-Furnished,Bachelors/Family,Super Area,28000,1358.24,26641.76
1,680,1,Kolkata,Unfurnished,Bachelors/Family,Super Area,7500,6900.53,599.47
2,700,1,Bangalore,Semi-Furnished,Bachelors/Family,Carpet Area,12000,-155.46,12155.46
3,1500,2,Hyderabad,Semi-Furnished,Bachelors/Family,Carpet Area,30000,63845.43,-33845.43
2,900,2,Chennai,Unfurnished,Bachelors/Family,Super Area,10000,10378.68,-378.68
2,440,2,Bangalore,Furnished,Bachelors/Family,Super Area,8500,3330.18,5169.82
2,1050,2,Hyderabad,Unfurnished,Bachelors/Family,Super Area,9000,29336.83,-20336.83
2,800,2,Kolkata,Unfurnished,Family,Carpet Area,10500,42506.9,-32006.9
3,1950,3,Hyderabad,Semi-Furnished,Bachelors/Family,Super Area,18000,80638.78,-62638.78
3,1150,3,Mumbai,Unfurnished,Bachelors/Family,Carpet Area,75000,82350.3,-7350.3
1,125,1,Delhi,Unfurnished,Bachelors/Family,Super Area,4000,-23423.45,27423.45
3,1200,2,Delhi,Semi-Furnished,Bachelors/Family,Super Area,20000,32020.49,-12020.49
2,70,2,Delhi,Semi-Furnished,Bachelors/Family,Super Area,15000,1077.6,13922.4
3,1100,3,Delhi,Semi-Furnished,Bachelors/Family,Super Area,45000,49410.28,-4410.28
1,550,1,Hyderabad,Semi-Furnished,Bachelors/Family,Super Area,8000,2495.51,5504.49
3,1200,4,Hyderabad,Semi-Furnished,Bachelors/Family,Super Area,24000,79787.12,-55787.12
2,800,1,Kolkata,Unfurnished,Bachelors/Family,Carpet Area,12000,25530.53,-13530.53
3,900,1,Chennai,Unfurnished,Bachelors/Family,Super Area,13000,-10586.66,23586.66
1,225,1,Mumbai,Unfurnished,Bachelors/Family,Carpet Area,21000,17537.32,3462.68
1,550,1,Mumbai,Furnished,Bachelors/Family,Carpet Area,75000,39893.17,35106.83
2,975,2,Chennai,Semi-Furnished,Bachelors/Family,Carpet Area,16000,35132.54,-19132.54
1,500,1,Kolkata,Semi-Furnished,Bachelors/Family,Super Area,1800,8466.62,-6666.62
2,530,1,Kolkata,Semi-Furnished,Family,Super Area,8000,5319.57,2680.43
3,2000,3,Hyderabad,Semi-Furnished,Bachelors/Family,Super Area,29000,82041.97,-53041.97
2,1070,2,Hyderabad,Unfurnished,Family,Carpet Area,10000,42709.83,-32709.83
2,805,3,Mumbai,Semi-Furnished,Bachelors/Family,Carpet Area,65000,80055.03,-15055.03
1,360,1,Mumbai,Unfurnished,Bachelors/Family,Carpet Area,30000,21325.93,8674.07
1,500,1,Hyderabad,Unfurnished,Bachelors/Family,Super Area,5500,-5525.24,11025.24
2,660,2,Mumbai,Semi-Furnished,Bachelors,Carpet Area,45000,59009.41,-14009.41
3,2000,3,Delhi,Unfurnished,Bachelors/Family,Carpet Area,80000,84081.63,-4081.63
2,140,2,Hyderabad,Unfurnished,Bachelors/Family,Super Area,10000,3798.8,6201.2
2,600,1,Kolkata,Unfurnished,Bachelors/Family,Carpet Area,4000,19917.77,-15917.77
1,300,1,Delhi,Unfurnished,Bachelors/Family,Super Area,6500,-18512.29,25012.29
2,1000,2,Hyderabad,Semi-Furnished,Bachelors/Family,Super Area,8500,34551.2,-26051.2
1,500,1,Kolkata,Unfurnished,Bachelors/Family,Super Area,8000,1849.05,6150.95
2,90,2,Delhi,Unfurnished,Bachelors/Family,Super Area,27000,-4978.68,31978.68
2,600,2,Chennai,Unfurnished,Family,Super Area,10000,-1260.24,11260.24
2,1150,2,Bangalore,Furnished,Bachelors/Family,Super Area,16000,23255.45,-7255.45
3,925,2,Mumbai,Unfurnished,Bachelors,Carpet Area,55000,59059.57,-4059.57
1,700,1,Chennai,Semi-Furnished,Bachelors/Family,Super Area,9500,-8043.51,17543.51
2,1250,2,Bangalore,Semi-Furnished,Bachelors/Family,Super Area,19000,19444.27,-444.27
1,350,1,Chennai,Semi-Furnished,Bachelors/Family,Super Area,6000,-17865.83,23865.83
1,500,1,Chennai,Semi-Furnished,Bachelors/Family,Super Area,7000,-13656.26,20656.26
3,1050,3,Chennai,Semi-Furnished,Bachelors/Family,Carpet Area,28000,56664.31,-28664.31
2,800,2,Mumbai,Unfurnished,Bachelors/Family,Carpet Area,160000,53100.98,106899.02
2,700,2,Hyderabad,Unfurnished,Bachelors/Family,Carpet Area,12000,35546.02,-23546.02
2,1150,2,Bangalore,Furnished,Bachelors,Carpet Area,42000,42506.75,-506.75
3,1400,3,Chennai,Semi-Furnished,Bachelors/Family,Carpet Area,17000,66486.63,-49486.63
3,1760,3,Chennai,Semi-Furnished,Bachelors/Family,Super Area,33000,60558.08,-27558.08
2,800,2,Chennai,Semi-Furnished,Bachelors/Family,Carpet Area,10000,30221.38,-20221.38
2,780,2,Mumbai,Unfurnished,Family,Carpet Area,18000,49319.92,-31319.92
1,250,1,Kolkata,Furnished,Bachelors,Carpet Area,6500,27319.54,-20819.54
2,800,2,Bangalore,Furnished,Bachelors/Family,Super Area,12500,13433.13,-933.13
1,700,1,Kolkata,Furnished,Bachelors/Family,Super Area,18000,20696.93,-2696.93
2,800,2,Chennai,Semi-Furnished,Bachelors,Carpet Area,14000,33441.17,-19441.17
2,950,2,Delhi,Unfurnished,Bachelors/Family,Carpet Area,23000,35187.67,-12187.67
3,1200,2,Bangalore,Unfurnished,Bachelors/Family,Super Area,12000,10654.35,1345.65
3,1400,3,Mumbai,Semi-Furnished,Family,Carpet Area,140000,92764.01,47235.99
2,900,2,Hyderabad,Unfurnished,Bachelors/Family,Super Area,15000,25127.26,-10127.26
3,1100,1,Kolkata,Unfurnished,Bachelors,Super Area,12000,20368.76,-8368.76
1,350,1,Bangalore,Unfurnished,Bachelors/Family,Super Area,9000,-31857.68,40857.68
1,350,1,Delhi,Unfurnished,Bachelors/Family,Super Area,15000,-17109.1,32109.1
2,623,1,Delhi,Furnished,Bachelors/Family,Carpet Area,13500,19049.78,-5549.78
2,750,1,Kolkata,Unfurnished,Bachelors/Family,Super Area,7000,8095.82,-1095.82
2,1200,2,Hyderabad,Semi-Furnished,Bachelors/Family,Super Area,25000,40163.96,-15163.96
3,1955,3,Hyderabad,Unfurnished,Bachelors,Super Area,45000,77381.33,-32381.33
2,1200,2,Bangalore,Semi-Furnished,Bachelors/Family,Super Area,15000,18041.08,-3041.08
2,800,2,Hyderabad,Semi-Furnished,Bachelors/Family,Super Area,15500,28938.45,-13438.45
2,1000,1,Kolkata,Semi-Furnished,Bachelors/Family,Super Area,8000,21729.33,-13729.33
3,1550,3,Hyderabad,Unfurnished,Bachelors,Carpet Area,13000,82047.01,-69047.01
2,1113,2,Chennai,Semi-Furnished,Family,Super Area,18000,19754.04,-1754.04
3,1875,2,Bangalore,Semi-Furnished,Bachelors/Family,Super Area,30000,36214.96,-6214.96
2,1100,2,Hyderabad,Unfurnished,Bachelors/Family,Super Area,11000,30740.02,-19740.02
1,570,2,Mumbai,Furnished,Bachelors/Family,Super Area,20000,44619.1,-24619.1
2,800,2,Kolkata,Unfurnished,Bachelors,Carpet Area,26000,48946.48,-22946.48
1,800,1,Bangalore,Semi-Furnished,Bachelors/Family,Carpet Area,9000,3420.09,5579.91
3,1300,2,Delhi,Semi-Furnished,Bachelors/Family,Super Area,24000,34826.87,-10826.87
3,2000,3,Hyderabad,Furnished,Family,Super Area,35000,85439.74,-50439.74
2,900,2,Chennai,Semi-Furnished,Bachelors/Family,Super Area,10000,16996.24,-6996.24
2,1150,2,Bangalore,Semi-Furnished,Bachelors/Family,Carpet Area,22000,32669.4,-10669.4
1,100,1,Delhi,Semi-Furnished,Bachelors/Family,Super Area,21000,-17507.48,38507.48
2,1100,2,Hyderabad,Unfurnished,Bachelors/Family,Super Area,10000,30740.02,-20740.02
2,800,1,Kolkata,Unfurnished,Bachelors/Family,Super Area,7000,9499.01,-2499.01
2,1020,2,Chennai,Furnished,Bachelors/Family,Carpet Area,30000,43012.97,-13012.97
1,700,1,Chennai,Semi-Furnished,Bachelors/Family,Super Area,8000,-8043.51,16043.51
3,900,2,Kolkata,Semi-Furnished,Bachelors/Family,Carpet Area,10000,54381.46,-44381.46
2,820,2,Chennai,Semi-Furnished,Family,Carpet Area,16000,27562.86,-11562.86
2,570,2,Mumbai,Furnished,Family,Carpet Area,14000,56661.65,-42661.65
3,1725,3,Hyderabad,Furnished,Bachelors/Family,Super Area,35000,80941.99,-45941.99
2,1100,2,Hyderabad,Furnished,Family,Super Area,16000,40755.35,-24755.35
2,1250,2,Hyderabad,Semi-Furnished,Bachelors,Carpet Area,15000,60818.45,-45818.45
4,2100,4,Mumbai,Semi-Furnished,Bachelors/Family,Carpet Area,250000,135055.44,114944.56
1,425,1,Mumbai,Unfurnished,Bachelors,Carpet Area,25000,26369.86,-1369.86
1,700,1,Bangalore,Semi-Furnished,Bachelors/Family,Super Area,7000,-15417.8,22417.8
3,1100,2,Mumbai,Furnished,Bachelors/Family,Carpet Area,80000,73986.07,6013.93
1,750,1,Hyderabad,Unfurnished,Bachelors/Family,Super Area,6500,1490.7,5009.3
3,950,3,Mumbai,Semi-Furnished,Bachelors/Family,Carpet Area,65000,83355.1,-18355.1
2,650,1,Delhi,Unfurnished,Bachelors/Family,Super Area,8000,-9459.14,17459.14
2,800,2,Chennai,Semi-Furnished,Bachelors/Family,Super Area,16000,14189.86,1810.14
2,600,2,Bangalore,Unfurnished,Bachelors/Family,Super Area,11000,-5414.74,16414.74
2,935,2,Mumbai,Semi-Furnished,Bachelors/Family,Super Area,65000,47475.64,17524.36
3,1355,3,Mumbai,Furnished,Bachelors/Family,Carpet Area,160000,101338.49,58661.51
2,960,2,Kolkata,Semi-Furnished,Bachelors/Family,Super Area,6000,40802.94,-34802.94
2,850,2,Chennai,Unfurnished,Bachelors/Family,Super Area,7000,8975.49,-1975.49
2,1000,2,Kolkata,Furnished,Bachelors/Family,Super Area,22000,48543.06,-26543.06
1,470,2,Mumbai,Semi-Furnished,Family,Carpet Area,16500,48006.88,-31506.88
3,2170,3,Hyderabad,Semi-Furnished,Bachelors/Family,Carpet Area,60000,102844.32,-42844.32
3,1252,2,Bangalore,Semi-Furnished,Bachelors/Family,Carpet Area,20000,34762.74,-14762.74
3,1374,2,Bangalore,Semi-Furnished,Family,Super Area,22000,18935.22,3064.78
4,2800,4,Mumbai,Furnished,Family,Carpet Area,280000,158097.85,121902.15
1,490,2,Mumbai,Semi-Furnished,Bachelors/Family,Super Area,25000,35756.43,-10756.43
3,1000,2,Mumbai,Semi-Furnished,Bachelors/Family,Carpet Area,53000,64562.13,-11562.13
2,1250,2,Bangalore,Semi-Furnished,Bachelors/Family,Carpet Area,35000,35475.78,-475.78
2,1200,2,Hyderabad,Unfurnished,Bachelors/Family,Carpet Area,13000,49577.91,-36577.91
2,960,2,Mumbai,Semi-Furnished,Bachelors/Family,Carpet Area,65000,64208.75,791.25
2,745,2,Chennai,Semi-Furnished,Bachelors/Family,Super Area,9000,12646.36,-3646.36
3,1190,2,Kolkata,Unfurnished,Bachelors/Family,Carpet Area,10000,55902.39,-45902.39
1,600,1,Bangalore,Semi-Furnished,Bachelors/Family,Super Area,8500,-18224.18,26724.18
1,450,1,Kolkata,Unfurnished,Family,Super Area,6500,-2773.92,9273.92
4,3500,5,Bangalore,Semi-Furnished,Bachelors,Carpet Area,380000,160889.21,219110.79
2,800,1,Bangalore,Semi-Furnished,Bachelors/Family,Super Area,15000,-13380.59,28380.59
2,720,2,Mumbai,Unfurnished,Bachelors,Carpet Area,40000,54075.67,-14075.67
2,900,1,Kolkata,Semi-Furnished,Bachelors,Carpet Area,9000,38174.25,-29174.25
4,2300,4,Hyderabad,Semi-Furnished,Bachelors/Family,Carpet Area,45000,125919.61,-80919.61
2,900,2,Mumbai,Furnished,Bachelors/Family,Carpet Area,75000,69142.48,5857.52
2,1050,2,Bangalore,Semi-Furnished,Bachelors/Family,Super Area,20000,13831.51,6168.49
3,2200,3,Delhi,Unfurnished,Bachelors/Family,Super Area,35000,73662.87,-38662.87
3,1250,2,Delhi,Unfurnished,Bachelors,Carpet Area,23000,46057.42,-23057.42
2,1140,2,Hyderabad,Furnished,Family,Super Area,30000,41877.9,-11877.9
2,850,2,Kolkata,Unfurnished,Bachelors/Family,Super Area,12500,31098.37,-18598.37
2,700,3,Mumbai,Furnished,Bachelors,Carpet Area,55000,86945.68,-31945.68
2,950,2,Mumbai,Furnished,Bachelors/Family,Super Area,50000,54514.16,-4514.16
1,500,1,Hyderabad,Unfurnished,Bachelors/Family,Super Area,9000,-5525.24,14525.24
2,1000,3,Hyderabad,Semi-Furnished,Bachelors/Family,Super Area,20000,54747.37,-34747.37
1,150,1,Bangalore,Furnished,Bachelors/Family,Super Area,6000,-24235.31,30235.31
2,900,2,Hyderabad,Semi-Furnished,Bachelors/Family,Super Area,9000,31744.83,-22744.83
2,1500,2,Chennai,Unfurnished,Bachelors/Family,Super Area,15000,27216.94,-12216.94
3,1834,3,Hyderabad,Semi-Furnished,Bachelors/Family,Super Area,45000,77383.38,-32383.38
3,1535,3,Chennai,Unfurnished,Bachelors/Family,Super Area,32500,47626.17,-15126.17
1,430,1,Mumbai,Unfurnished,Family,Carpet Area,32000,20070.6,11929.4
3,850,3,Mumbai,Unfurnished,Bachelors,Carpet Area,55000,77150.95,-22150.95
1,100,1,Hyderabad,Semi-Furnished,Bachelors/Family,Super Area,3000,-10133.19,13133.19
2,750,2,Mumbai,Semi-Furnished,Bachelors/Family,Carpet Area,100000,58315.36,41684.64
1,400,1,Bangalore,Semi-Furnished,Bachelors/Family,Super Area,7500,-23836.93,31336.93
2,800,2,Bangalore,Furnished,Bachelors/Family,Super Area,14000,13433.13,566.87
2,870,2,Mumbai,Furnished,Bachelors/Family,Carpet Area,85000,68300.57,16699.43
2,800,2,Hyderabad,Unfurnished,Bachelors/Family,Super Area,12000,22320.89,-10320.89
2,700,1,Delhi,Semi-Furnished,Bachelors/Family,Super Area,9000,-1438.39,10438.39
3,2210,3,Hyderabad,Semi-Furnished,Family,Super Area,25000,84715.57,-59715.57
2,1000,2,Chennai,Semi-Furnished,Bachelors,Carpet Area,25000,39053.92,-14053.92
1,600,1,Bangalore,Semi-Furnished,Bachelors/Family,Carpet Area,15000,-2192.66,17192.66
2,750,1,Kolkata,Unfurnished,Bachelors/Family,Super Area,6000,8095.82,-2095.82
1,400,1,Delhi,Furnished,Bachelors/Family,Carpet Area,17000,13560.73,3439.27
2,650,2,Delhi,Semi-Furnished,Bachelors/Family,Carpet Area,15000,33386.1,-18386.1
3,2770,3,Bangalore,Semi-Furnished,Bachelors/Family,Super Area,120000,81528.2,38471.8
3,850,3,Mumbai,Semi-Furnished,Family,Carpet Area,85000,77328.94,7671.06
3,1200,3,Kolkata,Unfurnished,Bachelors/Family,Carpet Area,30000,76379.19,-46379.19
1,500,1,Kolkata,Semi-Furnished,Bachelors/Family,Carpet Area,5000,24498.13,-19498.13
1,250,1,Chennai,Unfurnished,Bachelors/Family,Super Area,5250,-27289.77,32539.77
1,400,1,Hyderabad,Unfurnished,Bachelors/Family,Super Area,6000,-8331.62,14331.62
1,800,1,Bangalore,Unfurnished,Bachelors/Family,Carpet Area,7000,-3197.47,10197.47
3,1286,5,Mumbai,Unfurnished,Bachelors/Family,Carpet Area,100000,126559.3,-26559.3
1,430,2,Mumbai,Unfurnished,Bachelors/Family,Carpet Area,40000,43486.56,-3486.56
2,1050,2,Mumbai,Unfurnished,Bachelors/Family,Carpet Area,95000,60116.93,34883.07
2,750,2,Bangalore,Semi-Furnished,Bachelors/Family,Super Area,13000,5412.38,7587.62
2,900,2,Chennai,Unfurnished,Bachelors/Family,Super Area,13000,10378.68,2621.32
2,650,2,Mumbai,Furnished,Bachelors,Carpet Area,42000,65346.33,-23346.33
1,300,1,Bangalore,Unfurnished,Bachelors/Family,Carpet Area,7000,-17229.36,24229.36
1,680,1,Kolkata,Unfurnished,Bachelors/Family,Super Area,7500,6900.53,599.47
2,900,2,Chennai,Unfurnished,Bachelors/Family,Super Area,15000,10378.68,4621.32
3,1700,2,Hyderabad,Semi-Furnished,Bachelors/Family,Super Area,22000,53426.67,-31426.67
2,1100,2,Bangalore,Unfurnished,Bachelors,Carpet Area,15000,27868.44,-12868.44
1,450,1,Delhi,Semi-Furnished,Bachelors/Family,Super Area,12000,-7685.16,19685.16
4,5000,4,Mumbai,Semi-Furnished,Bachelors/Family,Carpet Area,1200000,216440.38,983559.62
1,700,2,Bangalore,Semi-Furnished,Bachelors/Family,Super Area,13000,4778.37,8221.63
2,850,2,Mumbai,Unfurnished,Bachelors/Family,Carpet Area,45000,54504.17,-9504.17
3,2395,3,Hyderabad,Semi-Furnished,Family,Carpet Area,75000,105938.88,-30938.88
2,650,2,Kolkata,Unfurnished,Family,Super Area,12000,22265.82,-10265.82
1,550,1,Chennai,Semi-Furnished,Bachelors/Family,Super Area,13500,-12253.07,25753.07
2,700,2,Mumbai,Furnished,Family,Carpet Area,33003,60309.94,-27306.94
2,700,2,Chennai,Unfurnished,Bachelors/Family,Super Area,14000,4765.92,9234.08
2,500,2,Delhi,Semi-Furnished,Bachelors/Family,Carpet Area,12500,29176.54,-16676.54
1,400,1,Hyderabad,Unfurnished,Bachelors/Family,Super Area,6000,-8331.62,14331.62
2,1150,2,Hyderabad,Semi-Furnished,Bachelors/Family,Super Area,15000,38760.77,-23760.77
4,1526,5,Mumbai,Semi-Furnished,Bachelors/Family,Carpet Area,280000,139143.0,140857.0
2,1400,2,Hyderabad,Semi-Furnished,Bachelors/Family,Super Area,13000,45776.71,-32776.71
1,550,1,Delhi,Semi-Furnished,Bachelors,Carpet Area,13000,14372.52,-1372.52
2,700,2,Delhi,Semi-Furnished,Bachelors/Family,Super Area,12000,18757.78,-6757.78
2,1000,2,Hyderabad,Semi-Furnished,Bachelors/Family,Super Area,12000,34551.2,-22551.2
2,1050,2,Chennai,Semi-Furnished,Family,Super Area,22000,17986.02,4013.98
4,2800,4,Delhi,Unfurnished,Bachelors,Carpet Area,70000,129179.43,-59179.43
2,450,2,Kolkata,Unfurnished,Bachelors/Family,Super Area,7000,19872.86,-12872.86
4,2117,4,Chennai,Semi-Furnished,Bachelors/Family,Carpet Area,22000,106035.35,-84035.35
1,250,1,Kolkata,Furnished,Bachelors/Family,Super Area,3500,8068.23,-4568.23
2,600,1,Kolkata,Unfurnished,Bachelors,Carpet Area,6800,23137.56,-16337.56
1,250,1,Mumbai,Unfurnished,Bachelors/Family,Carpet Area,15500,18238.91,-2738.91
2,722,2,Mumbai,Semi-Furnished,Bachelors/Family,Carpet Area,44000,57529.57,-13529.57
1,450,1,Delhi,Unfurnished,Bachelors/Family,Super Area,5000,-14302.72,19302.72
3,1901,3,Delhi,Semi-Furnished,Bachelors/Family,Super Area,70000,71889.36,-1889.36
4,2990,3,Hyderabad,Semi-Furnished,Bachelors/Family,Super Area,60000,109055.93,-49055.93
1,200,1,Delhi,Unfurnished,Bachelors,Carpet Area,8000,-2067.36,10067.36
1,840,2,Mumbai,Unfurnished,Bachelors/Family,Carpet Area,74999,54992.71,20006.29
2,650,2,Hyderabad,Unfurnished,Bachelors/Family,Super Area,12000,18111.32,-6111.32
3,2061,3,Hyderabad,Furnished,Bachelors/Family,Super Area,30000,90371.42,-60371.42
3,1200,3,Bangalore,Semi-Furnished,Bachelors,Carpet Area,22000,56719.38,-34719.38
3,3600,3,Chennai,Semi-Furnished,Bachelors/Family,Carpet Area,330000,128226.93,201773.07
2,1100,2,Bangalore,Semi-Furnished,Bachelors/Family,Super Area,10000,15234.7,-5234.7
1,600,1,Hyderabad,Semi-Furnished,Bachelors/Family,Super Area,6000,3898.7,2101.3
2,1100,2,Bangalore,Furnished,Bachelors,Carpet Area,15000,41103.57,-26103.57
3,2000,3,Hyderabad,Semi-Furnished,Bachelors/Family,Carpet Area,55000,98073.48,-43073.48
2,1350,2,Hyderabad,Unfurnished,Bachelors,Carpet Area,8000,57007.26,-49007.26
3,1800,3,Hyderabad,Unfurnished,Family,Carpet Area,30000,82623.38,-52623.38
2,700,2,Mumbai,Furnished,Bachelors/Family,Carpet Area,130000,63529.73,66470.27
3,1675,3,Hyderabad,Unfurnished,Bachelors/Family,Super Area,35000,66303.68,-31303.68
1,500,1,Bangalore,Semi-Furnished,Bachelors/Family,Super Area,10000,-21030.55,31030.55
2,850,2,Kolkata,Unfurnished,Family,Carpet Area,8500,43910.09,-35410.09
1,500,1,Kolkata,Unfurnished,Bachelors/Family,Super Area,6000,1849.05,4150.95
2,1200,2,Hyderabad,Semi-Furnished,Bachelors/Family,Super Area,15000,40163.96,-25163.96
1,300,1,Hyderabad,Semi-Furnished,Bachelors/Family,Super Area,8000,-4520.43,12520.43
2,755,2,Mumbai,Semi-Furnished,Bachelors,Carpet Area,40000,61675.46,-21675.46
2,650,2,Mumbai,Semi-Furnished,Bachelors/Family,Carpet Area,40000,55508.98,-15508.98
1,250,1,Mumbai,Unfurnished,Bachelors/Family,Super Area,7500,2207.4,5292.6
1,550,1,Bangalore,Semi-Furnished,Bachelors/Family,Super Area,7000,-19627.37,26627.37
4,4550,5,Bangalore,Semi-Furnished,Family,Super Area,150000,167885.08,-17885.08
1,400,1,Mumbai,Semi-Furnished,Bachelors/Family,Carpet Area,50000,29066.04,20933.96
2,1600,1,Kolkata,Semi-Furnished,Bachelors,Carpet Area,8000,57818.89,-49818.89
1,400,1,Delhi,Unfurnished,Bachelors/Family,Carpet Area,11500,325.6,11174.4
1,450,2,Mumbai,Unfurnished,Bachelors,Carpet Area,26000,47267.62,-21267.62
2,1109,2,Chennai,Semi-Furnished,Bachelors/Family,Super Area,35000,22861.57,12138.43
3,1800,3,Delhi,Semi-Furnished,Bachelors/Family,Carpet Area,29000,85086.43,-56086.43
2,84,2,Delhi,Semi-Furnished,Bachelors,Carpet Area,22000,20721.8,1278.2
1,1800,1,Kolkata,Unfurnished,Bachelors/Family,Super Area,5500,38331.96,-32831.96
1,500,1,Chennai,Unfurnished,Bachelors/Family,Super Area,8000,-20273.82,28273.82
2,920,2,Hyderabad,Semi-Furnished,Bachelors/Family,Super Area,9000,32306.1,-23306.1
3,1545,2,Hyderabad,Furnished,Bachelors/Family,Super Area,25000,55694.35,-30694.35
3,1730,3,Hyderabad,Semi-Furnished,Bachelors/Family,Super Area,30000,74464.75,-44464.75
2,700,2,Mumbai,Unfurnished,Bachelors,Carpet Area,45000,53514.4,-8514.4
3,1200,2,Bangalore,Furnished,Bachelors/Family,Super Area,22000,23889.47,-1889.47
3,1300,3,Delhi,Furnished,Bachelors,Carpet Area,95000,80891.9,14108.1
2,1050,2,Chennai,Semi-Furnished,Bachelors/Family,Super Area,22000,21205.81,794.19
1,700,2,Bangalore,Semi-Furnished,Bachelors/Family,Super Area,13000,4778.37,8221.63
4,2700,4,Hyderabad,Furnished,Bachelors/Family,Super Area,52000,127731.16,-75731.16
2,550,1,Delhi,Unfurnished,Bachelors/Family,Carpet Area,11500,3766.0,7734.0
2,80,2,Delhi,Semi-Furnished,Bachelors/Family,Super Area,11000,1358.24,9641.76
2,1000,2,Hyderabad,Furnished,Bachelors/Family,Super Area,13000,41168.76,-28168.76
2,1350,2,Hyderabad,Unfurnished,Bachelors/Family,Super Area,13000,37755.96,-24755.96
3,1603,3,Bangalore,Semi-Furnished,Bachelors/Family,Carpet Area,52000,64809.29,-12809.29
3,1300,3,Hyderabad,Unfurnished,Bachelors,Carpet Area,14000,75031.07,-61031.07
2,1000,2,Chennai,Semi-Furnished,Bachelors/Family,Super Area,20000,19802.62,197.38
1,600,1,Mumbai,Semi-Furnished,Bachelors/Family,Super Area,21000,18647.28,2352.72
2,1100,2,Hyderabad,Furnished,Bachelors/Family,Super Area,25000,43975.14,-18975.14
2,900,2,Bangalore,Furnished,Bachelors/Family,Carpet Area,20000,32271.02,-12271.02
3,1200,3,Bangalore,Semi-Furnished,Bachelors/Family,Super Area,37000,37468.07,-468.07
2,770,1,Chennai,Unfurnished,Family,Super Area,10000,-16685.57,26685.57
3,1200,2,Delhi,Semi-Furnished,Bachelors/Family,Carpet Area,30000,48052.01,-18052.01
1,220,1,Kolkata,Furnished,Bachelors/Family,Super Area,6000,7226.32,-1226.32
3,1800,3,Delhi,Semi-Furnished,Bachelors/Family,Carpet Area,70000,85086.43,-15086.43
1,500,1,Chennai,Furnished,Bachelors/Family,Carpet Area,21000,8992.81,12007.19
2,900,2,Chennai,Semi-Furnished,Bachelors/Family,Carpet Area,15000,33027.75,-18027.75
3,1400,3,Mumbai,Furnished,Bachelors/Family,Carpet Area,200000,102601.36,97398.64
2,1000,2,Chennai,Semi-Furnished,Family,Super Area,13500,16582.83,-3082.83
2,710,2,Mumbai,Unfurnished,Bachelors/Family,Carpet Area,46000,50575.24,-4575.24
1,425,2,Mumbai,Unfurnished,Bachelors/Family,Carpet Area,21000,43346.24,-22346.24
4,3500,4,Chennai,Semi-Furnished,Bachelors/Family,Carpet Area,250000,144847.55,105152.45
2,1000,2,Bangalore,Semi-Furnished,Bachelors/Family,Super Area,14000,12428.33,1571.67
2,920,2,Hyderabad,Semi-Furnished,Family,Carpet Area,18500,45117.82,-26617.82
1,450,1,Kolkata,Unfurnished,Bachelors,Carpet Area,7500,19697.17,-12197.17
3,1900,3,Hyderabad,Semi-Furnished,Bachelors/Family,Carpet Area,40000,95267.1,-55267.1
2,1428,2,Hyderabad,Semi-Furnished,Family,Super Area,20000,43342.71,-23342.71
2,1000,2,Hyderabad,Semi-Furnished,Bachelors/Family,Super Area,15000,34551.2,-19551.2
5,2800,5,Mumbai,Semi-Furnished,Bachelors/Family,Carpet Area,310000,174127.07,135872.93
2,535,2,Mumbai,Unfurnished,Bachelors/Family,Carpet Area,36000,45664.08,-9664.08
2,830,2,Chennai,Semi-Furnished,Bachelors/Family,Super Area,15000,15031.78,-31.78
4,1600,3,Kolkata,Unfurnished,Bachelors/Family,Super Area,35000,70804.02,-35804.02
2,900,2,Chennai,Semi-Furnished,Bachelors/Family,Super Area,19000,16996.24,2003.76
2,1400,2,Delhi,Semi-Furnished,Bachelors,Carpet Area,30000,57653.72,-27653.72
2,500,1,Kolkata,Semi-Furnished,Bachelors/Family,Carpet Area,6000,23728.96,-17728.96
3,3200,3,Chennai,Unfurnished,Bachelors/Family,Super Area,45000,94352.35,-49352.35
2,900,2,Bangalore,Unfurnished,Family,Super Area,25000,-215.4,25215.4
3,1100,2,Chennai,Unfurnished,Bachelors,Carpet Area,25000,34473.56,-9473.56
2,150,2,Hyderabad,Unfurnished,Bachelors/Family,Super Area,8000,4079.43,3920.57
2,950,2,Chennai,Unfurnished,Bachelors/Family,Super Area,10000,11781.87,-1781.87
1,200,1,Kolkata,Semi-Furnished,Bachelors/Family,Super Area,3500,47.48,3452.52
2,950,2,Chennai,Unfurnished,Family,Carpet Area,17000,24593.59,-7593.59
2,1200,2,Hyderabad,Unfurnished,Bachelors/Family,Super Area,8000,33546.4,-25546.4
2,770,2,Mumbai,Unfurnished,Bachelors/Family,Carpet Area,50000,52259.07,-2259.07
2,800,2,Chennai,Unfurnished,Family,Carpet Area,11000,20384.03,-9384.03
2,600,1,Bangalore,Semi-Furnished,Bachelors/Family,Super Area,13000,-18993.35,31993.35
1,50,1,Delhi,Furnished,Bachelors/Family,Super Area,10000,-12293.11,22293.11
3,300,3,Delhi,Furnished,Bachelors,Carpet Area,80000,52828.13,27171.87
3,1150,2,Delhi,Unfurnished,Bachelors/Family,Carpet Area,20500,40031.26,-19531.26
4,2900,4,Bangalore,Furnished,Bachelors/Family,Super Area,50000,111221.04,-61221.04
3,890,2,Mumbai,Unfurnished,Bachelors/Family,Carpet Area,68000,54857.55,13142.45
2,750,2,Kolkata,Unfurnished,Bachelors/Family,Super Area,16000,28291.99,-12291.99
2,100,2,Delhi,Semi-Furnished,Bachelors/Family,Carpet Area,28000,17951.03,10048.97
1,500,1,Bangalore,Semi-Furnished,Bachelors,Carpet Area,7000,-1779.25,8779.25
2,895,2,Mumbai,Semi-Furnished,Bachelors/Family,Carpet Area,190000,62384.6,127615.4
4,1150,3,Bangalore,Semi-Furnished,Bachelors/Family,Super Area,15000,35295.71,-20295.71
1,500,1,Hyderabad,Semi-Furnished,Bachelors/Family,Super Area,7500,1092.32,6407.68
1,300,1,Kolkata,Unfurnished,Bachelors/Family,Carpet Area,6300,12267.81,-5967.81
2,600,1,Chennai,Furnished,Bachelors/Family,Super Area,9000,-5001.49,14001.49
1,421,1,Mumbai,Unfurnished,Bachelors/Family,Carpet Area,14000,23037.82,-9037.82
2,900,2,Mumbai,Furnished,Bachelors/Family,Carpet Area,100000,69142.48,30857.52
3,1220,2,Chennai,Semi-Furnished,Bachelors/Family,Super Area,18000,25207.48,-7207.48
2,1000,2,Mumbai,Furnished,Bachelors/Family,Carpet Area,230000,71948.86,158051.14
2,600,2,Delhi,Unfurnished,Bachelors/Family,Super Area,10000,9333.84,666.16
2,110,2,Hyderabad,Unfurnished,Bachelors,Carpet Area,10000,22208.19,-12208.19
2,850,2,Mumbai,Semi-Furnished,Bachelors/Family,Carpet Area,49000,61121.73,-12121.73
2,650,2,Delhi,Unfurnished,Bachelors,Carpet Area,18500,29988.33,-11488.33
2,750,2,Delhi,Semi-Furnished,Bachelors,Carpet Area,12000,39412.27,-27412.27
2,900,2,Bangalore,Unfurnished,Bachelors,Super Area,12000,6224.18,5775.82
2,800,2,Hyderabad,Unfurnished,Bachelors/Family,Super Area,10000,22320.89,-12320.89
3,1100,2,Mumbai,Unfurnished,Family,Super Area,40000,41499.64,-1499.64
2,751,1,Kolkata,Unfurnished,Bachelors,Carpet Area,14000,27375.19,-13375.19
2,805,3,Mumbai,Semi-Furnished,Family,Carpet Area,65000,76835.24,-11835.24
2,600,1,Hyderabad,Unfurnished,Bachelors/Family,Super Area,13000,-3488.03,16488.03
3,1110,3,Mumbai,Semi-Furnished,Bachelors/Family,Carpet Area,80000,87845.31,-7845.31
1,400,1,Delhi,Furnished,Bachelors/Family,Carpet Area,20000,13560.73,6439.27
2,905,2,Mumbai,Semi-Furnished,Bachelors/Family,Carpet Area,19500,62665.24,-43165.24
2,750,1,Delhi,Semi-Furnished,Bachelors/Family,Super Area,8000,-35.2,8035.2
3,1300,2,Delhi,Unfurnished,Bachelors/Family,Super Area,20000,28209.31,-8209.31
3,1100,3,Kolkata,Unfurnished,Bachelors/Family,Super Area,20000,57541.3,-37541.3
3,1062,2,Chennai,Semi-Furnished,Bachelors/Family,Carpet Area,8500,36804.91,-28304.91
2,500,1,Bangalore,Unfurnished,Bachelors/Family,Carpet Area,10000,-12385.77,22385.77
2,800,1,Kolkata,Unfurnished,Bachelors/Family,Super Area,10000,9499.01,500.99
1,50,1,Delhi,Unfurnished,Bachelors/Family,Carpet Area,5500,-9496.72,14996.72
2,935,2,Chennai,Unfurnished,Bachelors,Carpet Area,16000,30612.21,-14612.21
3,1700,3,Chennai,Semi-Furnished,Bachelors/Family,Super Area,25000,58874.25,-33874.25
2,700,2,Kolkata,Unfurnished,Bachelors/Family,Carpet Area,14000,42920.31,-28920.31
2,900,2,Kolkata,Unfurnished,Bachelors/Family,Super Area,12000,32501.56,-20501.56
2,750,2,Mumbai,Unfurnished,Bachelors/Family,Carpet Area,62000,51697.79,10302.21
2,585,2,Chennai,Unfurnished,Bachelors/Family,Super Area,30000,1538.59,28461.41
2,805,3,Mumbai,Semi-Furnished,Bachelors/Family,Carpet Area,58000,80055.03,-22055.03
3,1000,1,Kolkata,Unfurnished,Bachelors/Family,Super Area,25000,14342.6,10657.4
1,500,1,Mumbai,Furnished,Family,Carpet Area,46000,35270.19,10729.81
2,1000,2,Bangalore,Semi-Furnished,Bachelors/Family,Super Area,12000,12428.33,-428.33
1,300,1,Kolkata,Unfurnished,Bachelors/Family,Carpet Area,6800,12267.81,-5467.81
2,1000,2,Chennai,Semi-Furnished,Bachelors/Family,Super Area,6500,19802.62,-13302.62
2,680,2,Bangalore,Semi-Furnished,Bachelors/Family,Carpet Area,16000,19479.43,-3479.43
2,810,1,Chennai,Unfurnished,Bachelors,Carpet Area,10000,6908.08,3091.92
1,500,1,Bangalore,Semi-Furnished,Bachelors/Family,Super Area,15000,-21030.55,36030.55
2,770,2,Mumbai,Semi-Furnished,Bachelors,Carpet Area,45000,62096.42,-17096.42
2,900,2,Chennai,Semi-Furnished,Bachelors/Family,Super Area,18000,16996.24,1003.76
3,1600,3,Chennai,Unfurnished,Bachelors/Family,Carpet Area,45000,65481.83,-20481.83
3,1250,3,Bangalore,Semi-Furnished,Bachelors,Carpet Area,30000,58122.56,-28122.56
1,281,1,Chennai,Unfurnished,Bachelors/Family,Carpet Area,8000,-10388.28,18388.28
2,1500,2,Hyderabad,Unfurnished,Bachelors,Carpet Area,12000,61216.83,-49216.83
1,385,1,Mumbai,Unfurnished,Family,Carpet Area,5500,18807.74,-13307.74
2,930,2,Hyderabad,Semi-Furnished,Bachelors/Family,Super Area,14000,32586.74,-18586.74
1,500,1,Kolkata,Semi-Furnished,Bachelors/Family,Super Area,5000,8466.62,-3466.62
1,450,1,Hyderabad,Unfurnished,Bachelors/Family,Super Area,8000,-6928.43,14928.43
2,878,2,Hyderabad,Semi-Furnished,Bachelors/Family,Super Area,10000,31127.42,-21127.42
1,505,1,Kolkata,Furnished,Bachelors/Family,Super Area,15000,15224.5,-224.5
2,1000,2,Chennai,Unfurnished,Bachelors,Carpet Area,12000,32436.36,-20436.36
2,1250,2,Chennai,Furnished,Bachelors/Family,Super Area,32000,33436.12,-1436.12
2,400,2,Delhi,Semi-Furnished,Bachelors/Family,Carpet Area,13000,26370.16,-13370.16
2,850,2,Chennai,Unfurnished,Bachelors,Carpet Area,20000,28226.79,-8226.79
2,1000,2,Mumbai,Semi-Furnished,Bachelors/Family,Carpet Area,70000,65331.3,4668.7
3,2000,3,Delhi,Furnished,Bachelors,Carpet Area,80000,100536.54,-20536.54
3,1070,2,Chennai,Unfurnished,Family,Super Area,15000,11160.56,3839.44
3,1618,3,Bangalore,Semi-Furnished,Bachelors/Family,Super Area,40000,49198.73,-9198.73
2,700,2,Chennai,Semi-Furnished,Family,Super Area,10500,8163.7,2336.3
2,1115,2,Hyderabad,Unfurnished,Family,Carpet Area,13000,43972.7,-30972.7
4,2100,4,Delhi,Semi-Furnished,Bachelors/Family,Carpet Area,90000,112932.56,-22932.56
1,350,1,Kolkata,Semi-Furnished,Bachelors/Family,Carpet Area,5000,20288.56,-15288.56
1,450,1,Chennai,Unfurnished,Bachelors,Carpet Area,13500,-2425.71,15925.71
2,800,2,Bangalore,Semi-Furnished,Bachelors/Family,Super Area,10000,6815.57,3184.43
1,355,1,Mumbai,Unfurnished,Bachelors/Family,Carpet Area,30000,21185.61,8814.39
2,500,2,Hyderabad,Semi-Furnished,Bachelors/Family,Super Area,20000,20519.32,-519.32
2,625,2,Mumbai,Semi-Furnished,Bachelors,Carpet Area,40000,58027.17,-18027.17
2,1000,2,Chennai,Semi-Furnished,Bachelors/Family,Super Area,13000,19802.62,-6802.62
1,450,2,Mumbai,Unfurnished,Bachelors/Family,Carpet Area,38000,44047.83,-6047.83
2,800,2,Bangalore,Unfurnished,Bachelors/Family,Super Area,15000,198.01,14801.99
2,1250,3,Hyderabad,Semi-Furnished,Bachelors/Family,Super Area,11000,61763.31,-50763.31
2,1000,2,Hyderabad,Semi-Furnished,Bachelors/Family,Super Area,8000,34551.2,-26551.2
2,780,2,Chennai,Unfurnished,Family,Carpet Area,7000,19822.75,-12822.75
3,1250,3,Hyderabad,Semi-Furnished,Family,Carpet Area,12000,73805.86,-61805.86
1,650,2,Mumbai,Semi-Furnished,Bachelors/Family,Super Area,21000,40246.64,-19246.64
2,800,1,Kolkata,Unfurnished,Bachelors/Family,Carpet Area,9900,25530.53,-15630.53
2,1200,2,Chennai,Unfurnished,Bachelors/Family,Carpet Area,17000,34829.32,-17829.32
1,450,2,Mumbai,Unfurnished,Bachelors/Family,Carpet Area,28000,44047.83,-16047.83
1,500,1,Hyderabad,Furnished,Bachelors/Family,Super Area,10500,7709.88,2790.12
3,900,2,Chennai,Unfurnished,Bachelors,Carpet Area,23000,28860.81,-5860.81
2,130,2,Hyderabad,Unfurnished,Bachelors/Family,Super Area,12000,3518.16,8481.84
3,1800,3,Mumbai,Furnished,Bachelors,Carpet Area,300000,117046.66,182953.34
1,305,1,Mumbai,Unfurnished,Bachelors,Carpet Area,14000,23002.21,-9002.21
3,1700,3,Chennai,Semi-Furnished,Bachelors/Family,Carpet Area,60000,74905.76,-14905.76
3,1100,3,Mumbai,Furnished,Bachelors/Family,Carpet Area,69999,94182.23,-24183.23
1,515,1,Mumbai,Unfurnished,Bachelors/Family,Carpet Area,54500,25675.81,28824.19
1,550,1,Bangalore,Semi-Furnished,Bachelors/Family,Super Area,7500,-19627.37,27127.37
2,650,2,Mumbai,Semi-Furnished,Bachelors/Family,Carpet Area,35000,55508.98,-20508.98
2,925,2,Bangalore,Unfurnished,Bachelors/Family,Super Area,10000,3705.98,6294.02
1,450,1,Mumbai,Unfurnished,Bachelors/Family,Super Area,35000,7820.16,27179.84
1,450,1,Kolkata,Furnished,Bachelors/Family,Carpet Area,5500,29712.5,-24212.5
2,1144,2,Chennai,Semi-Furnished,Bachelors/Family,Carpet Area,22999,39875.31,-16876.31
2,1300,2,Kolkata,Semi-Furnished,Family,Super Area,10000,47124.84,-37124.84
1,500,1,Delhi,Semi-Furnished,Bachelors/Family,Super Area,8000,-6281.97,14281.97
2,1375,1,Chennai,Furnished,Family,Carpet Area,18000,29559.65,-11559.65
2,1250,2,Bangalore,Semi-Furnished,Bachelors/Family,Super Area,18000,19444.27,-1444.27
2,80,2,Delhi,Unfurnished,Bachelors/Family,Super Area,35000,-5259.32,40259.32
1,300,1,Hyderabad,Furnished,Bachelors/Family,Super Area,10000,2097.13,7902.87
1,300,1,Bangalore,Semi-Furnished,Bachelors/Family,Super Area,11000,-26643.31,37643.31
1,800,1,Hyderabad,Semi-Furnished,Bachelors/Family,Super Area,9500,9511.45,-11.45
2,700,2,Mumbai,Furnished,Bachelors/Family,Carpet Area,32000,63529.73,-31529.73
2,400,1,Delhi,Unfurnished,Bachelors,Carpet Area,13000,2776.22,10223.78
3,900,2,Chennai,Unfurnished,Bachelors/Family,Super Area,7000,9609.51,-2609.51
2,700,1,Delhi,Unfurnished,Bachelors,Carpet Area,16000,11195.35,4804.65
2,1100,2,Hyderabad,Furnished,Family,Super Area,10000,40755.35,-30755.35
2,600,2,Chennai,Semi-Furnished,Bachelors/Family,Carpet Area,10000,24608.62,-14608.62
2,900,2,Chennai,Semi-Furnished,Bachelors/Family,Super Area,15000,16996.24,-1996.24
2,850,2,Mumbai,Furnished,Bachelors/Family,Carpet Area,65000,67739.3,-2739.3
1,550,2,Mumbai,Unfurnished,Bachelors,Super Area,20000,34042.49,-14042.49
2,1300,2,Bangalore,Semi-Furnished,Bachelors/Family,Super Area,14000,20847.46,-6847.46
3,1800,3,Delhi,Semi-Furnished,Bachelors,Carpet Area,30000,88306.22,-58306.22
3,1250,3,Mumbai,Semi-Furnished,Family,Carpet Area,180000,88554.45,91445.55
1,380,1,Mumbai,Semi-Furnished,Bachelors/Family,Carpet Area,25000,28504.77,-3504.77
2,600,1,Bangalore,Semi-Furnished,Bachelors/Family,Super Area,7500,-18993.35,26493.35
2,700,2,Hyderabad,Furnished,Bachelors/Family,Super Area,13000,32749.63,-19749.63
2,1280,2,Bangalore,Furnished,Bachelors/Family,Carpet Area,50000,42935.26,7064.74
1,500,2,Mumbai,Semi-Furnished,Bachelors/Family,Super Area,6000,36037.07,-30037.07
4,1649,3,Mumbai,Semi-Furnished,Family,Carpet Area,270000,98982.72,171017.28
2,1500,2,Hyderabad,Unfurnished,Bachelors/Family,Super Area,15000,41965.53,-26965.53
3,1800,2,Hyderabad,Unfurnished,Bachelors/Family,Super Area,20000,49615.49,-29615.49
1,600,1,Bangalore,Semi-Furnished,Bachelors/Family,Super Area,8000,-18224.18,26224.18
2,1066,2,Bangalore,Unfurnished,Bachelors/Family,Super Area,23000,7662.97,15337.03
2,600,1,Bangalore,Unfurnished,Bachelors,Carpet Area,11000,-6359.61,17359.61
2,950,2,Hyderabad,Unfurnished,Bachelors/Family,Super Area,11000,26530.45,-15530.45
4,2500,6,Mumbai,Semi-Furnished,Bachelors/Family,Carpet Area,280000,186673.28,93326.72
2,670,2,Mumbai,Semi-Furnished,Bachelors/Family,Super Area,23000,40038.74,-17038.74
2,833,2,Chennai,Unfurnished,Bachelors/Family,Super Area,8500,8498.41,1.59
1,450,1,Kolkata,Unfurnished,Bachelors,Carpet Area,9000,19697.17,-10697.17
4,1617,5,Mumbai,Semi-Furnished,Bachelors/Family,Carpet Area,130000,141696.8,-11696.8
3,1740,4,Mumbai,Furnished,Bachelors/Family,Super Area,100000,116307.7,-16307.7
3,919,2,Hyderabad,Semi-Furnished,Bachelors/Family,Carpet Area,25000,47540.38,-22540.38
2,900,2,Hyderabad,Unfurnished,Bachelors/Family,Carpet Area,6000,41158.78,-35158.78
3,1900,3,Hyderabad,Semi-Furnished,Bachelors/Family,Carpet Area,40000,95267.1,-55267.1
1,750,1,Chennai,Semi-Furnished,Bachelors/Family,Super Area,7000,-6640.32,13640.32
4,2300,4,Delhi,Semi-Furnished,Bachelors/Family,Super Area,200000,102513.8,97486.2
2,650,2,Mumbai,Unfurnished,Bachelors,Carpet Area,27000,52111.21,-25111.21
2,660,1,Kolkata,Unfurnished,Bachelors/Family,Super Area,6000,5570.09,429.91
3,1700,4,Hyderabad,Semi-Furnished,Bachelors/Family,Super Area,24000,93819.0,-69819.0
2,300,2,Hyderabad,Furnished,Bachelors/Family,Super Area,12500,21524.12,-9024.12
2,1000,2,Chennai,Semi-Furnished,Bachelors/Family,Super Area,17000,19802.62,-2802.62
2,900,2,Delhi,Furnished,Bachelors/Family,Carpet Area,32000,47019.61,-15019.61
1,400,1,Kolkata,Unfurnished,Bachelors,Carpet Area,5000,18293.98,-13293.98
3,2710,3,Bangalore,Semi-Furnished,Bachelors,Super Area,52000,83064.16,-31064.16
2,500,1,Bangalore,Unfurnished,Bachelors,Carpet Area,10000,-9165.99,19165.99
3,1500,2,Chennai,Unfurnished,Bachelors/Family,Carpet Area,20000,42479.28,-22479.28
1,400,1,Hyderabad,Unfurnished,Bachelors,Carpet Area,9500,10919.69,-1419.69
2,1100,2,Hyderabad,Furnished,Bachelors/Family,Super Area,12500,43975.14,-31475.14
1,300,1,Hyderabad,Semi-Furnished,Bachelors/Family,Super Area,12000,-4520.43,16520.43
1,800,1,Chennai,Semi-Furnished,Bachelors/Family,Super Area,10000,-5237.13,15237.13
2,350,2,Delhi,Semi-Furnished,Bachelors/Family,Super Area,7000,8935.46,-1935.46
3,1250,3,Mumbai,Semi-Furnished,Family,Carpet Area,75000,88554.45,-13554.45
1,550,2,Mumbai,Unfurnished,Bachelors,Carpet Area,28000,50074.0,-22074.0
1,250,1,Kolkata,Furnished,Bachelors/Family,Super Area,4700,8068.23,-3368.23
2,800,2,Chennai,Semi-Furnished,Bachelors/Family,Super Area,8000,14189.86,-6189.86
1,450,1,Bangalore,Unfurnished,Bachelors,Carpet Area,8000,-9800.0,17800.0
3,1550,3,Mumbai,Semi-Furnished,Bachelors/Family,Carpet Area,180000,100193.37,79806.63
3,1200,3,Mumbai,Furnished,Bachelors/Family,Carpet Area,100000,96988.61,3011.39
2,800,2,Chennai,Unfurnished,Bachelors/Family,Super Area,9000,7572.3,1427.7
2,1145,2,Chennai,Unfurnished,Bachelors/Family,Super Area,11000,17254.3,-6254.3
3,1500,3,Hyderabad,Semi-Furnished,Bachelors/Family,Carpet Area,30000,84041.6,-54041.6
1,700,1,Chennai,Semi-Furnished,Bachelors/Family,Super Area,6000,-8043.51,14043.51
2,675,1,Kolkata,Unfurnished,Bachelors/Family,Super Area,7500,5991.04,1508.96
1,850,1,Hyderabad,Unfurnished,Bachelors/Family,Super Area,8000,4297.08,3702.92
2,800,2,Chennai,Semi-Furnished,Bachelors/Family,Super Area,16000,14189.86,1810.14
2,800,2,Chennai,Semi-Furnished,Bachelors/Family,Super Area,15000,14189.86,810.14
1,520,1,Hyderabad,Semi-Furnished,Bachelors/Family,Super Area,8000,1653.6,6346.4
2,1065,2,Mumbai,Furnished,Bachelors/Family,Super Area,25000,57741.49,-32741.49
2,350,1,Hyderabad,Unfurnished,Bachelors,Carpet Area,12000,8747.33,3252.67
2,780,2,Hyderabad,Unfurnished,Bachelors,Carpet Area,12000,41010.91,-29010.91
1,500,1,Hyderabad,Unfurnished,Bachelors/Family,Super Area,6200,-5525.24,11725.24
2,1050,2,Chennai,Unfurnished,Bachelors,Carpet Area,14000,33839.55,-19839.55
2,950,2,Chennai,Semi-Furnished,Bachelors/Family,Super Area,10000,18399.43,-8399.43
1,600,1,Bangalore,Semi-Furnished,Bachelors/Family,Super Area,10000,-18224.18,28224.18
1,425,2,Mumbai,Semi-Furnished,Bachelors,Carpet Area,10000,53183.59,-43183.59
2,1150,2,Chennai,Semi-Furnished,Bachelors,Super Area,13500,27231.97,-13731.97
2,1200,2,Hyderabad,Unfurnished,Bachelors/Family,Super Area,16000,33546.4,-17546.4
3,800,1,Delhi,Unfurnished,Bachelors/Family,Super Area,15000,-6018.74,21018.74
2,1450,2,Hyderabad,Unfurnished,Family,Carpet Area,25000,53374.06,-28374.06
2,750,1,Kolkata,Unfurnished,Bachelors,Carpet Area,11000,27347.13,-16347.13
3,1540,2,Chennai,Furnished,Bachelors,Carpet Area,35000,60056.75,-25056.75
3,2000,2,Bangalore,Furnished,Bachelors/Family,Carpet Area,30000,62372.0,-32372.0
1,400,2,Mumbai,Furnished,Bachelors/Family,Carpet Area,28000,55879.77,-27879.77
3,1350,3,Delhi,Semi-Furnished,Bachelors,Carpet Area,40000,75677.53,-35677.53
2,900,2,Hyderabad,Semi-Furnished,Bachelors/Family,Super Area,10000,31744.83,-21744.83
2,1150,2,Bangalore,Semi-Furnished,Family,Carpet Area,28000,29449.61,-1449.61
2,600,1,Hyderabad,Unfurnished,Bachelors/Family,Super Area,5000,-3488.03,8488.03
1,400,1,Bangalore,Furnished,Bachelors/Family,Super Area,6000,-17219.37,23219.37
1,750,1,Kolkata,Unfurnished,Bachelors/Family,Super Area,5200,8865.0,-3665.0
2,2000,2,Chennai,Furnished,Bachelors/Family,Super Area,19397,54483.95,-35086.95
2,1800,2,Delhi,Semi-Furnished,Bachelors,Super Area,30000,52847.72,-22847.72
2,700,2,Bangalore,Semi-Furnished,Bachelors/Family,Super Area,15000,4009.19,10990.81
2,600,1,Hyderabad,Unfurnished,Bachelors/Family,Super Area,10000,-3488.03,13488.03
2,1050,2,Mumbai,Furnished,Bachelors/Family,Carpet Area,70000,73352.05,-3352.05
2,1600,3,Hyderabad,Unfurnished,Family,Super Area,20000,61748.28,-41748.28
2,1095,2,Hyderabad,Semi-Furnished,Bachelors/Family,Super Area,15000,37217.26,-22217.26
2,800,1,Kolkata,Unfurnished,Bachelors/Family,Carpet Area,6500,25530.53,-19030.53
1,470,2,Mumbai,Semi-Furnished,Family,Carpet Area,32000,48006.88,-16006.88
1,360,1,Bangalore,Unfurnished,Bachelors/Family,Super Area,7000,-31577.04,38577.04
2,1200,2,Kolkata,Furnished,Bachelors/Family,Super Area,12000,54155.81,-42155.81
2,450,2,Bangalore,Unfurnished,Bachelors/Family,Super Area,30000,-9624.31,39624.31
3,1500,2,Kolkata,Semi-Furnished,Family,Carpet Area,15000,67999.93,-52999.93
2,84,2,Delhi,Furnished,Bachelors,Carpet Area,24500,27339.36,-2839.36
1,500,1,Mumbai,Furnished,Bachelors/Family,Super Area,30000,22458.47,7541.53
3,1000,3,Hyderabad,Semi-Furnished,Bachelors/Family,Carpet Area,35000,70009.71,-35009.71
1,520,1,Mumbai,Semi-Furnished,Bachelors/Family,Super Area,12000,16402.18,-4402.18
2,1000,1,Delhi,Semi-Furnished,Family,Super Area,20000,3760.96,16239.04
2,1200,2,Bangalore,Semi-Furnished,Bachelors/Family,Carpet Area,22000,34072.59,-12072.59
1,400,1,Mumbai,Unfurnished,Bachelors/Family,Super Area,22000,6416.97,15583.03
3,950,2,Kolkata,Semi-Furnished,Bachelors/Family,Carpet Area,14000,55784.65,-41784.65
1,500,1,Hyderabad,Semi-Furnished,Bachelors/Family,Super Area,7500,1092.32,6407.68
2,600,1,Chennai,Unfurnished,Family,Super Area,20000,-21456.41,41456.41
3,1500,3,Bangalore,Semi-Furnished,Bachelors,Carpet Area,60000,65138.51,-5138.51
1,320,1,Mumbai,Furnished,Family,Super Area,30000,14187.2,15812.8
3,1330,4,Mumbai,Semi-Furnished,Bachelors/Family,Carpet Area,150000,114215.5,35784.5
2,500,1,Bangalore,Semi-Furnished,Bachelors/Family,Super Area,8000,-21799.73,29799.73
2,675,2,Hyderabad,Unfurnished,Bachelors,Carpet Area,11500,38064.22,-26564.22
3,1330,3,Chennai,Semi-Furnished,Bachelors/Family,Super Area,21000,48490.66,-27490.66
2,500,1,Delhi,Semi-Furnished,Bachelors/Family,Super Area,7000,-7051.14,14051.14
3,1100,3,Mumbai,Furnished,Family,Carpet Area,180000,90962.44,89037.56
4,1900,3,Mumbai,Furnished,Bachelors/Family,Carpet Area,200000,115864.08,84135.92
2,1170,2,Hyderabad,Unfurnished,Bachelors/Family,Super Area,20000,32704.48,-12704.48
2,700,1,Bangalore,Semi-Furnished,Family,Carpet Area,10500,-3375.25,13875.25
2,950,1,Kolkata,Unfurnished,Bachelors/Family,Super Area,7000,13708.58,-6708.58
2,610,2,Mumbai,Unfurnished,Family,Carpet Area,32000,44549.08,-12549.08
1,600,1,Bangalore,Semi-Furnished,Bachelors/Family,Super Area,8000,-18224.18,26224.18
3,1503,2,Chennai,Semi-Furnished,Family,Carpet Area,34000,45961.25,-11961.25
3,1580,3,Bangalore,Unfurnished,Bachelors,Carpet Area,50000,60766.05,-10766.05
3,1800,3,Bangalore,Semi-Furnished,Bachelors/Family,Super Area,32000,54306.34,-22306.34
2,570,1,Kolkata,Unfurnished,Bachelors/Family,Super Area,9500,3044.35,6455.65
1,800,2,Delhi,Furnished,Bachelors/Family,Super Area,25000,28950.89,-3950.89
2,1000,2,Chennai,Semi-Furnished,Bachelors/Family,Super Area,6500,19802.62,-13302.62
1,800,1,Chennai,Unfurnished,Bachelors/Family,Carpet Area,5000,4176.82,823.18
1,300,1,Bangalore,Unfurnished,Bachelors/Family,Super Area,6000,-33260.87,39260.87
2,800,2,Kolkata,Unfurnished,Bachelors/Family,Super Area,8500,29695.18,-21195.18
2,800,2,Hyderabad,Unfurnished,Bachelors,Carpet Area,7000,41572.19,-34572.19
2,618,2,Chennai,Semi-Furnished,Bachelors/Family,Carpet Area,18999,25113.77,-6114.77
1,400,1,Bangalore,Unfurnished,Bachelors/Family,Super Area,8000,-30454.49,38454.49
1,800,2,Mumbai,Unfurnished,Bachelors/Family,Super Area,20000,37838.64,-17838.64
3,1300,3,Mumbai,Semi-Furnished,Bachelors/Family,Carpet Area,150000,93177.43,56822.57
2,900,2,Mumbai,Furnished,Family,Carpet Area,50000,65922.7,-15922.7
2,600,2,Chennai,Semi-Furnished,Bachelors/Family,Carpet Area,14000,24608.62,-10608.62
2,985,2,Chennai,Unfurnished,Bachelors,Carpet Area,18000,32015.4,-14015.4
1,550,1,Delhi,Furnished,Bachelors/Family,Super Area,17000,1738.78,15261.22
1,150,1,Bangalore,Unfurnished,Bachelors/Family,Super Area,8000,-37470.44,45470.44
4,2800,4,Delhi,Semi-Furnished,Bachelors/Family,Carpet Area,140000,132577.2,7422.8
1,500,1,Bangalore,Semi-Furnished,Bachelors,Carpet Area,10000,-1779.25,11779.25
3,1400,2,Hyderabad,Semi-Furnished,Bachelors/Family,Carpet Area,22000,61039.05,-39039.05
2,1100,2,Bangalore,Semi-Furnished,Bachelors/Family,Carpet Area,20000,31266.22,-11266.22
3,1021,3,Bangalore,Furnished,Bachelors,Carpet Area,28000,58313.52,-30313.52
2,48,2,Delhi,Unfurnished,Bachelors/Family,Super Area,12000,-6157.36,18157.36
2,965,2,Mumbai,Unfurnished,Bachelors/Family,Super Area,45000,41699.99,3300.01
1,1900,1,Chennai,Semi-Furnished,Bachelors/Family,Carpet Area,15000,41664.53,-26664.53
1,54,1,Delhi,Semi-Furnished,Bachelors/Family,Super Area,7000,-18798.41,25798.41
2,870,2,Chennai,Semi-Furnished,Bachelors/Family,Carpet Area,12000,32185.84,-20185.84
2,900,2,Kolkata,Semi-Furnished,Bachelors/Family,Carpet Area,15000,55150.63,-40150.63
1,600,1,Chennai,Unfurnished,Bachelors,Super Area,3500,-14247.66,17747.66
2,1000,2,Hyderabad,Unfurnished,Bachelors/Family,Super Area,11000,27933.64,-16933.64
2,500,1,Kolkata,Unfurnished,Bachelors,Carpet Area,9000,20331.18,-11331.18
3,1450,3,Delhi,Semi-Furnished,Bachelors/Family,Carpet Area,68000,75264.11,-7264.11
1,225,1,Mumbai,Unfurnished,Bachelors,Carpet Area,15000,20757.11,-5757.11
2,700,2,Chennai,Unfurnished,Bachelors,Carpet Area,18000,24017.23,-6017.23
2,600,1,Bangalore,Semi-Furnished,Bachelors/Family,Super Area,8000,-18993.35,26993.35
4,4000,7,Delhi,Semi-Furnished,Bachelors,Carpet Area,150000,230062.01,-80062.01
2,800,2,Chennai,Semi-Furnished,Bachelors/Family,Super Area,8000,14189.86,-6189.86
1,410,1,Mumbai,Unfurnished,Family,Carpet Area,13000,19509.33,-6509.33
2,1100,1,Chennai,Semi-Furnished,Family,Carpet Area,12000,15224.55,-3224.55
3,1200,3,Mumbai,Furnished,Bachelors/Family,Carpet Area,120000,96988.61,23011.39
3,150,3,Delhi,Semi-Furnished,Bachelors,Carpet Area,35000,42001.0,-7001.0
1,550,1,Chennai,Unfurnished,Bachelors/Family,Super Area,6500,-18870.63,25370.63
3,1600,4,Mumbai,Semi-Furnished,Family,Carpet Area,170000,118572.93,51427.07
2,650,2,Mumbai,Unfurnished,Bachelors/Family,Carpet Area,45000,48891.42,-3891.42
3,1500,3,Mumbai,Semi-Furnished,Bachelors/Family,Carpet Area,190000,98790.18,91209.82
1,600,1,Bangalore,Semi-Furnished,Bachelors/Family,Super Area,13500,-18224.18,31724.18
2,150,2,Delhi,Unfurnished,Bachelors/Family,Carpet Area,38000,12736.65,25263.35
2,980,2,Mumbai,Semi-Furnished,Bachelors/Family,Carpet Area,45000,64770.02,-19770.02
3,1500,3,Chennai,Unfurnished,Bachelors,Super Area,20000,49863.73,-29863.73
2,750,2,Mumbai,Semi-Furnished,Family,Carpet Area,39000,55095.57,-16095.57
1,470,1,Hyderabad,Furnished,Bachelors/Family,Super Area,17000,6867.97,10132.03
2,600,2,Hyderabad,Unfurnished,Bachelors/Family,Super Area,8000,16708.13,-8708.13
1,300,1,Bangalore,Unfurnished,Bachelors/Family,Super Area,4300,-33260.87,37560.87
3,700,2,Kolkata,Unfurnished,Family,Carpet Area,8000,38931.35,-30931.35
3,1200,2,Chennai,Semi-Furnished,Bachelors,Carpet Area,18000,43897.5,-25897.5
2,700,1,Bangalore,Semi-Furnished,Bachelors/Family,Super Area,10000,-16186.97,26186.97
1,60,1,Hyderabad,Semi-Furnished,Bachelors/Family,Super Area,4500,-11255.74,15755.74
2,805,2,Chennai,Unfurnished,Bachelors/Family,Super Area,8000,7712.62,287.38
1,500,1,Kolkata,Furnished,Bachelors/Family,Super Area,12000,15084.18,-3084.18
1,300,1,Kolkata,Unfurnished,Bachelors/Family,Carpet Area,5000,12267.81,-7267.81
2,650,2,Chennai,Unfurnished,Bachelors,Carpet Area,15000,22614.04,-7614.04
2,950,2,Mumbai,Furnished,Bachelors/Family,Carpet Area,65000,70545.67,-5545.67
1,600,2,Chennai,Unfurnished,Bachelors/Family,Super Area,8500,2728.72,5771.28
2,850,2,Bangalore,Semi-Furnished,Family,Carpet Area,13000,21030.48,-8030.48
3,1800,2,Kolkata,Semi-Furnished,Bachelors/Family,Super Area,14500,63607.34,-49107.34
3,2500,3,Delhi,Unfurnished,Bachelors,Carpet Area,60000,101333.3,-41333.3
2,1230,2,Hyderabad,Semi-Furnished,Family,Super Area,22000,37786.08,-15786.08
2,1200,2,Hyderabad,Semi-Furnished,Bachelors/Family,Super Area,16000,40163.96,-24163.96
1,225,1,Mumbai,Unfurnished,Bachelors/Family,Super Area,19000,1505.81,17494.19
2,1300,2,Chennai,Semi-Furnished,Bachelors/Family,Super Area,29000,28221.75,778.25
3,1600,3,Hyderabad,Semi-Furnished,Bachelors/Family,Carpet Area,24000,86847.97,-62847.97
2,1000,1,Kolkata,Unfurnished,Bachelors,Carpet Area,5000,34363.07,-29363.07
2,800,3,Mumbai,Semi-Furnished,Bachelors,Carpet Area,75000,83134.5,-8134.5
1,700,1,Bangalore,Semi-Furnished,Bachelors/Family,Super Area,8500,-15417.8,23917.8
3,1110,3,Mumbai,Furnished,Bachelors/Family,Carpet Area,90000,94462.87,-4462.87
2,700,2,Chennai,Unfurnished,Bachelors/Family,Carpet Area,20000,20797.44,-797.44
3,1500,4,Mumbai,Furnished,Bachelors/Family,Carpet Area,180000,125603.91,54396.09
3,1100,1,Hyderabad,Semi-Furnished,Bachelors/Family,Carpet Area,10000,32423.76,-22423.76
1,75,1,Delhi,Unfurnished,Bachelors/Family,Carpet Area,20000,-8795.12,28795.12
1,700,1,Chennai,Semi-Furnished,Family,Carpet Area,9000,4768.22,4231.78
2,1000,2,Hyderabad,Unfurnished,Bachelors/Family,Super Area,20000,27933.64,-7933.64
2,1000,1,Delhi,Unfurnished,Bachelors/Family,Carpet Area,13000,16394.7,-3394.7
1,700,2,Hyderabad,Unfurnished,Bachelors/Family,Carpet Area,13000,36315.19,-23315.19
2,1800,2,Hyderabad,Semi-Furnished,Bachelors/Family,Super Area,12000,57002.22,-45002.22
1,450,1,Hyderabad,Semi-Furnished,Bachelors/Family,Super Area,9000,-310.87,9310.87
3,1700,2,Hyderabad,Unfurnished,Family,Super Area,24000,43589.32,-19589.32
3,1200,2,Bangalore,Semi-Furnished,Bachelors/Family,Super Area,30000,17271.91,12728.09
3,1121,2,Mumbai,Furnished,Bachelors/Family,Carpet Area,75000,74575.41,424.59
2,920,2,Bangalore,Semi-Furnished,Bachelors/Family,Super Area,15000,10183.22,4816.78
3,950,2,Delhi,Furnished,Bachelors,Carpet Area,35000,50873.41,-15873.41
1,400,1,Chennai,Semi-Furnished,Bachelors/Family,Super Area,7000,-16462.64,23462.64
3,950,2,Kolkata,Unfurnished,Bachelors/Family,Carpet Area,13000,49167.09,-36167.09
3,2100,3,Bangalore,Furnished,Bachelors/Family,Super Area,35000,69343.03,-34343.03
2,900,1,Bangalore,Semi-Furnished,Bachelors/Family,Carpet Area,12000,5457.3,6542.7
3,1500,2,Delhi,Unfurnished,Bachelors,Carpet Area,30000,53073.36,-23073.36
3,1100,3,Mumbai,Unfurnished,Family,Carpet Area,75000,77727.32,-2727.32
2,750,3,Chennai,Unfurnished,Bachelors/Family,Super Area,20000,26365.28,-6365.28
2,1100,4,Mumbai,Furnished,Bachelors/Family,Super Area,50000,99116.06,-49116.06
3,3000,3,Chennai,Furnished,Bachelors/Family,Super Area,130000,101974.72,28025.28
2,1100,2,Hyderabad,Unfurnished,Bachelors/Family,Super Area,18000,30740.02,-12740.02
2,1000,2,Kolkata,Unfurnished,Bachelors/Family,Super Area,12000,35307.93,-23307.93
1,600,1,Bangalore,Semi-Furnished,Bachelors/Family,Carpet Area,9000,-2192.66,11192.66
2,1800,2,Kolkata,Unfurnished,Bachelors,Carpet Area,12000,77010.25,-65010.25
2,450,1,Kolkata,Semi-Furnished,Bachelors/Family,Carpet Area,5000,22325.77,-17325.77
2,700,1,Kolkata,Unfurnished,Bachelors,Carpet Area,10000,25943.94,-15943.94
2,800,2,Mumbai,Unfurnished,Family,Carpet Area,54000,49881.19,4118.81
3,1100,4,Delhi,Semi-Furnished,Bachelors/Family,Super Area,35000,69606.45,-34606.45
2,1000,2,Bangalore,Semi-Furnished,Bachelors,Carpet Area,20000,31679.63,-11679.63
2,400,1,Delhi,Semi-Furnished,Bachelors,Carpet Area,7500,9393.78,-1893.78
2,800,1,Kolkata,Unfurnished,Bachelors,Carpet Area,8000,28750.31,-20750.31
1,400,1,Mumbai,Unfurnished,Bachelors,Carpet Area,25000,25668.27,-668.27
2,670,1,Kolkata,Unfurnished,Family,Super Area,6500,2630.93,3869.07
2,650,2,Chennai,Unfurnished,Bachelors,Carpet Area,15000,22614.04,-7614.04
2,1100,2,Hyderabad,Furnished,Family,Carpet Area,22000,56786.86,-34786.86
2,1000,1,Hyderabad,Semi-Furnished,Bachelors/Family,Super Area,23000,14355.04,8644.96
2,800,2,Chennai,Unfurnished,Bachelors/Family,Super Area,14000,7572.3,6427.7
2,1250,2,Chennai,Semi-Furnished,Bachelors/Family,Carpet Area,27999,42850.07,-14851.07
4,7000,6,Hyderabad,Semi-Furnished,Bachelors/Family,Carpet Area,400000,298211.67,101788.33
1,500,1,Mumbai,Unfurnished,Bachelors,Carpet Area,55000,28474.65,26525.35
2,600,2,Bangalore,Semi-Furnished,Bachelors/Family,Super Area,13000,1202.82,11797.18
2,1200,2,Chennai,Unfurnished,Bachelors/Family,Super Area,14000,18797.81,-4797.81
1,500,1,Kolkata,Furnished,Bachelors,Carpet Area,13000,34335.48,-21335.48
2,745,2,Hyderabad,Unfurnished,Bachelors/Family,Super Area,12000,20777.38,-8777.38
2,800,1,Kolkata,Furnished,Bachelors/Family,Super Area,6700,22734.14,-16034.14
3,1500,3,Mumbai,Semi-Furnished,Bachelors/Family,Carpet Area,60000,98790.18,-38790.18
3,2200,3,Chennai,Unfurnished,Bachelors/Family,Super Area,45000,66288.58,-21288.58
3,1600,3,Bangalore,Semi-Furnished,Bachelors,Carpet Area,25000,67944.88,-42944.88
3,1783,2,Hyderabad,Semi-Furnished,Bachelors/Family,Super Area,32000,55755.96,-23755.96
3,2000,2,Bangalore,Semi-Furnished,Bachelors/Family,Carpet Area,26000,55754.44,-29754.44
3,200,3,Delhi,Semi-Furnished,Bachelors,Carpet Area,44300,43404.19,895.81
3,1300,3,Bangalore,Semi-Furnished,Bachelors,Carpet Area,30000,59525.75,-29525.75
2,1150,2,Mumbai,Unfurnished,Bachelors/Family,Carpet Area,43000,62923.3,-19923.3
1,550,1,Mumbai,Semi-Furnished,Bachelors,Carpet Area,55000,36495.4,18504.6
2,100,2,Delhi,Semi-Furnished,Bachelors/Family,Carpet Area,29000,17951.03,11048.97
2,950,2,Mumbai,Furnished,Bachelors,Carpet Area,60000,73765.46,-13765.46
2,1021,2,Chennai,Semi-Furnished,Bachelors/Family,Super Area,14000,20391.96,-6391.96
4,1460,4,Mumbai,Semi-Furnished,Bachelors/Family,Carpet Area,150000,117094.62,32905.38
3,1450,5,Mumbai,Semi-Furnished,Bachelors/Family,Carpet Area,130000,137779.32,-7779.32
2,1200,2,Delhi,Furnished,Bachelors,Carpet Area,150000,58658.53,91341.47
2,975,1,Delhi,Semi-Furnished,Bachelors/Family,Super Area,18000,6279.15,11720.85
2,700,2,Hyderabad,Semi-Furnished,Bachelors/Family,Super Area,12000,26132.07,-14132.07
1,675,1,Chennai,Unfurnished,Bachelors/Family,Super Area,10000,-15362.66,25362.66
2,1200,2,Hyderabad,Unfurnished,Bachelors/Family,Super Area,14000,33546.4,-19546.4
2,1000,2,Delhi,Semi-Furnished,Bachelors/Family,Super Area,30000,27176.91,2823.09
2,800,1,Kolkata,Furnished,Bachelors/Family,Carpet Area,15000,38765.65,-23765.65
2,1180,2,Bangalore,Semi-Furnished,Bachelors/Family,Super Area,20000,17479.8,2520.2
2,1100,2,Kolkata,Unfurnished,Bachelors,Carpet Area,23000,57365.61,-34365.61
1,800,1,Kolkata,Unfurnished,Bachelors/Family,Carpet Area,7000,26299.7,-19299.7
1,600,1,Delhi,Semi-Furnished,Bachelors,Carpet Area,9000,15775.71,-6775.71
2,720,2,Hyderabad,Semi-Furnished,Bachelors/Family,Carpet Area,9500,42724.86,-33224.86
2,630,2,Mumbai,Unfurnished,Family,Carpet Area,39000,45110.35,-6110.35
1,500,2,Mumbai,Furnished,Bachelors,Carpet Area,32000,61905.94,-29905.94
2,1100,2,Chennai,Semi-Furnished,Bachelors/Family,Super Area,18000,22609.0,-4609.0
2,685,1,Kolkata,Unfurnished,Bachelors/Family,Super Area,7000,6271.68,728.32
1,600,2,Delhi,Semi-Furnished,Bachelors/Family,Super Area,9500,16720.57,-7220.57
2,700,2,Chennai,Semi-Furnished,Bachelors/Family,Carpet Area,18000,27415.0,-9415.0
1,650,1,Kolkata,Semi-Furnished,Bachelors/Family,Super Area,6500,12676.18,-6176.18
2,288,1,Kolkata,Unfurnished,Bachelors,Carpet Area,12000,14381.66,-2381.66
4,3800,4,Chennai,Semi-Furnished,Bachelors/Family,Carpet Area,70000,153266.68,-83266.68
2,1200,2,Hyderabad,Unfurnished,Bachelors/Family,Super Area,12000,33546.4,-21546.4
3,800,1,Kolkata,Semi-Furnished,Bachelors/Family,Super Area,8000,15347.4,-7347.4
1,450,1,Mumbai,Furnished,Bachelors/Family,Super Area,32000,21055.28,10944.72
2,550,1,Chennai,Unfurnished,Family,Super Area,15000,-22859.6,37859.6
2,1000,2,Delhi,Unfurnished,Bachelors/Family,Super Area,12000,20559.35,-8559.35
1,420,1,Chennai,Unfurnished,Bachelors,Carpet Area,14000,-3267.62,17267.62
1,450,1,Delhi,Unfurnished,Bachelors/Family,Carpet Area,10000,1728.79,8271.21
2,550,2,Hyderabad,Unfurnished,Bachelors/Family,Super Area,8000,15304.94,-7304.94
1,300,1,Kolkata,Unfurnished,Bachelors/Family,Carpet Area,6000,12267.81,-6267.81
1,585,2,Mumbai,Unfurnished,Family,Super Area,39000,28585.14,10414.86
2,900,2,Kolkata,Unfurnished,Bachelors/Family,Super Area,8000,32501.56,-24501.56
1,610,1,Bangalore,Semi-Furnished,Bachelors/Family,Super Area,17000,-17943.54,34943.54
1,550,2,Kolkata,Unfurnished,Bachelors/Family,Super Area,6500,23448.41,-16948.41
3,1110,2,Bangalore,Semi-Furnished,Bachelors/Family,Super Area,17681,14746.17,2934.83
2,1125,2,Delhi,Furnished,Bachelors/Family,Super Area,52000,37302.44,14697.56
2,1000,1,Delhi,Semi-Furnished,Bachelors/Family,Super Area,12000,6980.75,5019.25
1,100,1,Bangalore,Semi-Furnished,Bachelors/Family,Carpet Area,7000,-16224.55,23224.55
2,1300,2,Hyderabad,Unfurnished,Bachelors/Family,Super Area,10500,36352.77,-25852.77
3,1500,3,Bangalore,Furnished,Bachelors/Family,Carpet Area,110000,68536.28,41463.72
3,1600,4,Mumbai,Semi-Furnished,Bachelors/Family,Carpet Area,180000,121792.72,58207.28
2,1300,2,Bangalore,Furnished,Bachelors/Family,Super Area,15000,27465.02,-12465.02
2,1250,2,Kolkata,Semi-Furnished,Bachelors/Family,Super Area,12500,48941.44,-36441.44
3,1000,3,Hyderabad,Semi-Furnished,Bachelors/Family,Carpet Area,25000,70009.71,-45009.71
2,1380,2,Bangalore,Semi-Furnished,Bachelors/Family,Carpet Area,40000,39124.07,875.93
2,700,2,Mumbai,Semi-Furnished,Family,Carpet Area,20000,53692.38,-33692.38
2,900,2,Hyderabad,Unfurnished,Bachelors/Family,Super Area,18000,25127.26,-7127.26
1,600,1,Chennai,Semi-Furnished,Bachelors/Family,Super Area,6500,-10849.88,17349.88
2,1800,2,Delhi,Furnished,Bachelors,Carpet Area,40000,75496.79,-35496.79
2,900,2,Kolkata,Unfurnished,Bachelors/Family,Super Area,9000,32501.56,-23501.56
1,750,1,Bangalore,Unfurnished,Bachelors/Family,Super Area,8000,-20632.17,28632.17
1,200,1,Bangalore,Semi-Furnished,Bachelors/Family,Carpet Area,4750,-13418.17,18168.17
3,1200,2,Kolkata,Unfurnished,Family,Carpet Area,15000,52963.24,-37963.24
3,1000,3,Mumbai,Semi-Furnished,Family,Carpet Area,140000,81538.5,58461.5
2,1000,2,Delhi,Semi-Furnished,Bachelors/Family,Super Area,22000,27176.91,-5176.91
3,2000,3,Hyderabad,Semi-Furnished,Bachelors/Family,Super Area,15000,82041.97,-67041.97
2,1100,2,Hyderabad,Unfurnished,Bachelors/Family,Carpet Area,9000,46771.53,-37771.53
3,1850,2,Hyderabad,Semi-Furnished,Bachelors/Family,Super Area,15000,57636.24,-42636.24
2,1250,2,Hyderabad,Semi-Furnished,Bachelors/Family,Super Area,16000,41567.15,-25567.15
1,360,1,Mumbai,Furnished,Bachelors/Family,Carpet Area,18000,34561.05,-16561.05
2,600,1,Bangalore,Semi-Furnished,Bachelors/Family,Super Area,8000,-18993.35,26993.35
2,1200,2,Chennai,Semi-Furnished,Bachelors,Carpet Area,12000,44666.67,-32666.67
3,1000,3,Mumbai,Semi-Furnished,Bachelors/Family,Carpet Area,65000,84758.29,-19758.29
2,1200,2,Bangalore,Semi-Furnished,Bachelors/Family,Super Area,15000,18041.08,-3041.08
2,600,2,Chennai,Semi-Furnished,Bachelors,Carpet Area,12000,27828.41,-15828.41
1,500,1,Mumbai,Furnished,Bachelors/Family,Carpet Area,65000,38489.98,26510.02
2,1000,2,Hyderabad,Semi-Furnished,Bachelors/Family,Carpet Area,8500,50582.72,-42082.72
3,1800,3,Hyderabad,Furnished,Bachelors/Family,Super Area,37000,83046.78,-46046.78
4,1110,2,Kolkata,Unfurnished,Bachelors/Family,Carpet Area,10000,52888.12,-42888.12
4,1528,4,Mumbai,Unfurnished,Family,Carpet Area,230000,109165.61,120834.39
3,1450,3,Hyderabad,Semi-Furnished,Family,Carpet Area,18000,79418.62,-61418.62
3,1570,3,Chennai,Semi-Furnished,Bachelors/Family,Super Area,24000,55225.96,-31225.96
2,1000,2,Bangalore,Semi-Furnished,Bachelors/Family,Super Area,17000,12428.33,4571.67
3,2925,3,Delhi,Semi-Furnished,Bachelors/Family,Super Area,100000,100626.67,-626.67
3,1250,2,Kolkata,Semi-Furnished,Bachelors/Family,Super Area,15000,48172.27,-33172.27
1,500,1,Delhi,Semi-Furnished,Bachelors/Family,Super Area,5000,-6281.97,11281.97
2,850,2,Delhi,Semi-Furnished,Bachelors,Carpet Area,25000,42218.65,-17218.65
1,500,1,Bangalore,Unfurnished,Family,Super Area,5000,-30867.9,35867.9
3,1300,3,Mumbai,Semi-Furnished,Family,Carpet Area,100000,89957.64,10042.36
3,1265,3,Hyderabad,Semi-Furnished,Bachelors/Family,Super Area,13000,61415.1,-48415.1
2,955,2,Mumbai,Semi-Furnished,Bachelors,Carpet Area,95000,67288.22,27711.78
1,900,2,Bangalore,Semi-Furnished,Bachelors/Family,Carpet Area,15000,26422.63,-11422.63
1,500,1,Chennai,Unfurnished,Bachelors,Carpet Area,10000,-1022.52,11022.52
3,800,2,Kolkata,Unfurnished,Bachelors/Family,Super Area,12000,28926.01,-16926.01
2,950,2,Chennai,Semi-Furnished,Bachelors/Family,Super Area,11000,18399.43,-7399.43
1,500,1,Delhi,Unfurnished,Bachelors/Family,Super Area,11000,-12899.53,23899.53
2,800,2,Kolkata,Unfurnished,Bachelors,Carpet Area,18000,48946.48,-30946.48
3,1550,2,Chennai,Semi-Furnished,Bachelors,Carpet Area,35000,53719.82,-18719.82
2,1000,2,Hyderabad,Unfurnished,Bachelors,Carpet Area,15000,47184.94,-32184.94
2,1000,2,Delhi,Semi-Furnished,Bachelors,Carpet Area,14000,46428.21,-32428.21
1,450,1,Delhi,Semi-Furnished,Bachelors,Carpet Area,11000,11566.14,-566.14
2,1300,2,Hyderabad,Semi-Furnished,Bachelors,Carpet Area,15000,62221.64,-47221.64
2,400,2,Chennai,Unfurnished,Bachelors/Family,Super Area,15000,-3653.21,18653.21
2,1400,2,Hyderabad,Furnished,Bachelors/Family,Super Area,10000,52394.27,-42394.27
2,700,2,Mumbai,Furnished,Family,Carpet Area,80000,60309.94,19690.06
2,1000,2,Hyderabad,Unfurnished,Bachelors/Family,Super Area,12000,27933.64,-15933.64
1,265,1,Mumbai,Unfurnished,Bachelors/Family,Super Area,20000,2628.36,17371.64
1,400,1,Mumbai,Unfurnished,Bachelors/Family,Carpet Area,25000,22448.48,2551.52
2,700,1,Bangalore,Semi-Furnished,Bachelors/Family,Super Area,11500,-16186.97,27686.97
2,650,2,Chennai,Semi-Furnished,Bachelors/Family,Super Area,13000,9980.3,3019.7
1,450,1,Chennai,Unfurnished,Bachelors/Family,Super Area,6000,-21677.01,27677.01
2,900,2,Hyderabad,Semi-Furnished,Bachelors/Family,Super Area,12500,31744.83,-19244.83
2,1248,2,Hyderabad,Semi-Furnished,Bachelors/Family,Carpet Area,18000,57542.53,-39542.53
3,1100,2,Chennai,Unfurnished,Bachelors/Family,Super Area,25000,15222.26,9777.74
2,950,2,Bangalore,Unfurnished,Bachelors/Family,Super Area,14000,4407.58,9592.42
3,1125,2,Chennai,Semi-Furnished,Bachelors/Family,Super Area,26000,22541.42,3458.58
1,500,1,Delhi,Semi-Furnished,Bachelors/Family,Super Area,11000,-6281.97,17281.97
